word,index
the,1
to,2
a,3
and,4
of,5
in,6
is,7
it,8
you,9
that,10
for,11
they,12
he,13
are,14
i,15
have,16
people,17
was,18
will,19
their,20
at,21
his,22
when,23
be,24
on,25
were,26
by,27
this,28
them,29
but,30
or,31
my,32
with,33
can,34
one,35
do,36
not,37
like,38
she,39
as,40
so,41
we,42
had,43
about,44
from,45
more,46
all,47
very,48
what,49
many,50
an,51
if,52
time,53
there,54
than,55
go,56
new,57
then,58
some,59
other,60
world,61
me,62
most,63
also,64
said,65
day,66
your,67
has,68
out,69
who,70
these,71
know,72
much,73
its,74
just,75
years,76
because,77
school,78
first,79
her,80
may,81
him,82
going,83
man,84
would,85
work,86
up,87
way,88
too,89
now,90
been,91
only,92
make,93
used,94
over,95
while,96
women,97
into,98
find,99
often,100
dont,101
mr,102
im,103
see,104
each,105
look,106
english,107
use,108
answered,109
high,110
two,111
could,112
understand,113
no,114
boy,115
our,116
however,117
water,118
back,119
life,120
example,121
money,122
give,123
important,124
want,125
parents,126
eat,127
home,128
well,129
after,130
asked,131
words,132
good,133
star,134
park,135
did,136
come,137
take,138
around,139
small,140
get,141
better,142
how,143
become,144
why,145
long,146
speak,147
ago,148
using,149
mother,150
old,151
hard,152
sometimes,153
bad,154
learn,155
children,156
keep,157
any,158
us,159
later,160
gave,161
learning,162
through,163
made,164
lot,165
things,166
big,167
must,168
talk,169
without,170
even,171
considered,172
language,173
room,174
every,175
didnt,176
went,177
pain,178
came,179
those,180
which,181
say,182
young,183
couldnt,184
working,185
wanted,186
am,187
little,188
percent,189
found,190
think,191
dream,192
country,193
such,194
countries,195
house,196
everyone,197
great,198
computer,199
seoul,200
car,201
three,202
men,203
today,204
called,205
animals,206
next,207
tree,208
lived,209
able,210
morning,211
others,212
follow,213
scientists,214
same,215
baby,216
problem,217
main,218
drink,219
person,220
hurt,221
nice,222
city,223
plants,224
job,225
saw,226
took,227
homework,228
choose,229
put,230
during,231
god,232
show,233
shoes,234
sports,235
help,236
leave,237
youll,238
different,239
red,240
traffic,241
especially,242
hope,243
information,244
turn,245
cause,246
change,247
usually,248
law,249
free,250
stop,251
dreams,252
worlds,253
few,254
thought,255
strong,256
sleep,257
husband,258
reason,259
office,260
means,261
students,262
human,263
doctors,264
worked,265
near,266
fact,267
soon,268
taking,269
place,270
goes,271
earth,272
peoples,273
worry,274
away,275
internet,276
off,277
against,278
boys,279
th,280
right,281
year,282
hours,283
craze,284
still,285
cant,286
days,287
thing,288
down,289
name,290
themselves,291
mike,292
longer,293
before,294
never,295
ill,296
here,297
course,298
tom,299
sitting,300
play,301
body,302
being,303
dioxin,304
cities,305
cow,306
smith,307
idea,308
diamond,309
pig,310
books,311
enough,312
full,313
buy,314
aliens,315
bear,316
friends,317
live,318
earlier,319
helps,320
rich,321
method,322
own,323
asleep,324
became,325
hand,326
should,327
until,328
according,329
jack,330
unlucky,331
died,332
americans,333
best,334
left,335
swift,336
thousands,337
lead,338
c,339
playing,340
famous,341
does,342
india,343
another,344
terrorism,345
need,346
last,347
changes,348
read,349
ads,350
boss,351
history,352
lunch,353
thinking,354
beautiful,355
birds,356
really,357
shows,358
serious,359
kinds,360
games,361
juice,362
son,363
cannot,364
family,365
spend,366
running,367
parts,368
workers,369
inside,370
saying,371
early,372
living,373
television,374
meal,375
feel,376
makes,377
watch,378
write,379
looking,380
horses,381
food,382
girl,383
lives,384
ones,385
watching,386
sister,387
large,388
soap,389
washing,390
father,391
special,392
began,393
company,394
quickly,395
kind,396
danger,397
avoid,398
finally,399
french,400
milk,401
jane,402
changed,403
difficult,404
please,405
times,406
set,407
less,408
half,409
wrong,410
helping,411
usual,412
clean,413
filled,414
yet,415
strings,416
society,417
minister,418
whole,419
oxford,420
signal,421
instead,422
devil,423
seems,424
gone,425
result,426
sit,427
walking,428
grand,429
classes,430
actually,431
fishing,432
discovered,433
someone,434
walk,435
street,436
group,437
relaxing,438
blue,439
sky,440
beach,441
acupuncture,442
strange,443
child,444
five,445
bus,446
study,447
minutes,448
friday,449
perhaps,450
foreign,451
fun,452
learned,453
wolf,454
fewer,455
education,456
needs,457
almost,458
hospital,459
ever,460
vitamin,461
bible,462
ran,463
simply,464
recently,465
short,466
black,467
doing,468
general,469
youre,470
ramadan,471
america,472
parks,473
meet,474
shirt,475
replied,476
environment,477
international,478
florida,479
oranges,480
rocket,481
once,482
flowers,483
green,484
again,485
carefully,486
believe,487
got,488
patients,489
tries,490
row,491
mistakes,492
gets,493
dead,494
ias,495
allowed,496
teach,497
past,498
nothing,499
yes,500
sunday,501
started,502
holiday,503
betty,504
giving,505
ring,506
age,507
grow,508
crowded,509
waiting,510
dog,511
tv,512
voters,513
molars,514
teeth,515
fish,516
movies,517
making,518
question,519
knows,520
chance,521
korea,522
germs,523
sell,524
normal,525
fall,526
happy,527
book,528
likely,529
itself,530
knew,531
slowly,532
woman,533
id,534
meals,535
friend,536
tomorrow,537
between,538
anyone,539
maybe,540
class,541
eyes,542
case,543
tell,544
popular,545
cold,546
harry,547
sir,548
pleasant,549
doesnt,550
future,551
yumi,552
travel,553
says,554
leg,555
smell,556
jobs,557
months,558
arrived,559
summer,560
forest,561
rat,562
places,563
kim,564
exciting,565
easy,566
poor,567
stone,568
size,569
several,570
farm,571
garbage,572
catch,573
poland,574
italy,575
pumpkins,576
particular,577
interested,578
include,579
candle,580
light,581
sea,582
arrested,583
bomb,584
chemical,585
begun,586
skin,587
clear,588
health,589
roads,590
blacks,591
believers,592
belief,593
visit,594
town,595
horse,596
road,597
hundred,598
feet,599
dear,600
send,601
either,602
side,603
acting,604
control,605
break,606
wearing,607
real,608
artworks,609
coming,610
surprised,611
decide,612
email,613
mirror,614
scene,615
stay,616
winter,617
invention,618
wife,619
lost,620
kitchen,621
fingers,622
end,623
koreans,624
listen,625
speaker,626
point,627
since,628
works,629
ten,630
folk,631
christ,632
hearing,633
test,634
yourself,635
fifty,636
birthday,637
beings,638
coca,639
run,640
doctor,641
nowadays,642
sets,643
bought,644
writing,645
robinson,646
desk,647
susan,648
letters,649
centuries,650
kill,651
waves,652
expecting,653
answer,654
imagine,655
coyotes,656
mean,657
trying,658
japanese,659
wolves,660
story,661
cyber,662
frozen,663
number,664
korean,665
newspapers,666
carry,667
interesting,668
afternoon,669
intelligence,670
custom,671
ready,672
yell,673
ways,674
sumis,675
mark,676
area,677
female,678
pants,679
opportunity,680
cost,681
highly,682
problems,683
legs,684
weather,685
expensive,686
orange,687
rowland,688
american,689
something,690
field,691
trees,692
policeman,693
stopped,694
reading,695
counselor,696
begin,697
floor,698
smoking,699
operations,700
john,701
china,702
groundwater,703
heard,704
girls,705
let,706
stages,707
fly,708
behaviors,709
depressed,710
peter,711
pocket,712
polar,713
bears,714
becoming,715
windows,716
anything,717
looks,718
face,719
burning,720
judy,721
sisters,722
hi,723
weeks,724
wont,725
act,726
males,727
isnt,728
exactly,729
including,730
jesus,731
gray,732
candidates,733
born,734
moon,735
stars,736
wisdom,737
holding,738
reporting,739
relaxed,740
within,741
sold,742
speaking,743
psychologists,744
finger,745
button,746
interest,747
medicine,748
easter,749
giant,750
automobile,751
rooms,752
invented,753
thank,754
factories,755
mexico,756
ideas,757
cocacola,758
loss,759
jaws,760
sheep,761
wouldnt,762
childrens,763
bird,764
cage,765
gold,766
pulled,767
topic,768
warned,769
player,770
engineering,771
introduce,772
driving,773
knowledge,774
month,775
muslim,776
cameras,777
humans,778
employers,779
always,780
consider,781
everything,782
die,783
cows,784
b,785
power,786
lincoln,787
battle,788
spring,789
held,790
following,791
accidents,792
industry,793
system,794
window,795
stones,796
dangerous,797
becomes,798
bigger,799
homes,800
returned,801
height,802
heels,803
pull,804
ground,805
sad,806
river,807
bring,808
seeds,809
ours,810
pollution,811
faster,812
showing,813
presents,814
breakfast,815
prefer,816
hot,817
george,818
team,819
products,820
meaning,821
rattin,822
baseball,823
math,824
putting,825
conversation,826
save,827
having,828
plumber,829
order,830
shopping,831
monkeys,832
stood,833
thats,834
king,835
brought,836
monkey,837
poured,838
religions,839
alien,840
feelings,841
fat,842
highways,843
principal,844
told,845
solution,846
enters,847
bodies,848
inho,849
eight,850
fell,851
bob,852
deciding,853
sorry,854
german,855
receive,856
both,857
image,858
experts,859
christians,860
dinner,861
amazon,862
rain,863
beliefs,864
opened,865
flew,866
cat,867
whether,868
available,869
jar,870
rocks,871
dollars,872
reduces,873
door,874
wants,875
brings,876
negative,877
glad,878
actor,879
tried,880
protect,881
lucky,882
traveling,883
likes,884
pictures,885
create,886
perfect,887
swim,888
cruise,889
entered,890
aside,891
sounds,892
luck,893
music,894
anonymity,895
cooking,896
hour,897
trip,898
habit,899
wasnt,900
ourselves,901
late,902
forget,903
thanks,904
clothes,905
village,906
fix,907
july,908
nancy,909
lucy,910
party,911
outside,912
safe,913
elephants,914
skiing,915
pyramids,916
carvings,917
among,918
millions,919
ancient,920
earn,921
evil,922
picking,923
fruit,924
generally,925
middle,926
ages,927
streets,928
moment,929
hiding,930
behind,931
apron,932
sooner,933
progressive,934
seem,935
stayed,936
sight,937
occasion,938
state,939
affairs,940
might,941
offer,942
horseriding,943
skills,944
single,945
darkness,946
shines,947
thrown,948
temperature,949
pressure,950
carbon,951
surface,952
unpopular,953
loved,954
jimmy,955
timmy,956
identical,957
twins,958
cancer,959
ziege,960
germany,961
brazilian,962
superstars,963
ronaldo,964
roberto,965
carlos,966
belonged,967
bald,968
club,969
taliban,970
smooth,971
shining,972
deal,973
narrow,974
anywhere,975
montgomerys,976
buses,977
visits,978
argue,979
historical,980
evidence,981
support,982
hikers,983
woods,984
met,985
located,986
kwachn,987
weekends,988
california,989
passed,990
driver,991
sees,992
ahead,993
jones,994
builing,995
grateful,996
various,997
activities,998
scheduled,999
discoveries,1000
missile,1001
bases,1002
airports,1003
satellite,1004
systems,1005
murderer,1006
priceless,1007
damaged,1008
destroyed,1009
warfare,1010
vermont,1011
flag,1012
warn,1013
manage,1014
ecommerce,1015
swallow,1016
saliva,1017
wild,1018
yearold,1019
hit,1020
widely,1021
acrobat,1022
rope,1023
costs,1024
ashes,1025
death,1026
mainly,1027
produced,1028
burned,1029
comes,1030
horror,1031
stage,1032
hurried,1033
pm,1034
mom,1035
tale,1036
named,1037
tricked,1038
climbing,1039
insisted,1040
languages,1041
speakers,1042
communities,1043
suggested,1044
pessimist,1045
toy,1046
optimist,1047
empty,1048
box,1049
higher,1050
sort,1051
ought,1052
fairy,1053
tales,1054
myths,1055
legends,1056
till,1057
inca,1058
chewed,1059
leaves,1060
plant,1061
finish,1062
writer,1063
jonathan,1064
ladys,1065
bat,1066
hits,1067
exist,1068
uncle,1069
namsu,1070
calss,1071
top,1072
crowd,1073
pace,1074
busy,1075
rings,1076
bell,1077
ball,1078
sending,1079
radio,1080
signals,1081
actressa,1082
superstar,1083
calves,1084
lambs,1085
farms,1086
eyesight,1087
impress,1088
hosts,1089
troubles,1090
telling,1091
type,1092
cases,1093
released,1094
prison,1095
committed,1096
murders,1097
theres,1098
reach,1099
julia,1100
remember,1101
curly,1102
hair,1103
eats,1104
himself,1105
planting,1106
grapevine,1107
referring,1108
humankind,1109
revolutionary,1110
methods,1111
departed,1112
note,1113
drinking,1114
discover,1115
extraterrestrial,1116
turning,1117
muslims,1118
yearly,1119
compare,1120
symbols,1121
lions,1122
invite,1123
mate,1124
pick,1125
supper,1126
owners,1127
educated,1128
played,1129
landing,1130
henry,1131
augustus,1132
scientist,1133
modesty,1134
poorer,1135
options,1136
middleclass,1137
youngsters,1138
college,1139
graduate,1140
delay,1141
marriag,1142
backpack,1143
imagined,1144
twice,1145
suffering,1146
incurable,1147
diseases,1148
wallet,1149
hates,1150
shot,1151
trend,1152
toward,1153
equality,1154
sexes,1155
outdoors,1156
difficulty,1157
followed,1158
observed,1159
sons,1160
alive,1161
complain,1162
values,1163
building,1164
respond,1165
yelling,1166
scream,1167
married,1168
quit,1169
alarm,1170
rang,1171
woke,1172
student,1173
banker,1174
public,1175
react,1176
variously,1177
news,1178
grandmother,1179
levels,1180
falling,1181
meter,1182
per,1183
flexible,1184
suddenly,1185
ned,1186
ben,1187
carries,1188
dictionary,1189
proud,1190
bobby,1191
colors,1192
shapes,1193
design,1194
features,1195
police,1196
searching,1197
upon,1198
christmas,1199
picked,1200
liked,1201
succeed,1202
laugh,1203
reporter,1204
above,1205
finding,1206
weaken,1207
decrease,1208
productivity,1209
arent,1210
ive,1211
key,1212
downstairs,1213
coat,1214
cs,1215
advertising,1216
governments,1217
harder,1218
babies,1219
puzzled,1220
lesson,1221
planned,1222
susie,1223
gril,1224
lake,1225
chunchon,1226
cook,1227
oh,1228
robins,1229
fluttering,1230
s,1231
simple,1232
accurate,1233
westernstyle,1234
eyeglasses,1235
hey,1236
pumpkin,1237
fans,1238
names,1239
diana,1240
theater,1241
uju,1242
wars,1243
loving,1244
dreaming,1245
operate,1246
freely,1247
white,1248
teaches,1249
females,1250
adds,1251
bank,1252
standing,1253
research,1254
rats,1255
conditions,1256
disorderly,1257
violent,1258
possible,1259
explanations,1260
lips,1261
across,1262
search,1263
vultures,1264
flying,1265
circles,1266
judas,1267
guest,1268
rainy,1269
quite,1270
vote,1271
dress,1272
naturally,1273
start,1274
bismillah,1275
saturday,1276
november,1277
fine,1278
sun,1279
keeps,1280
seeing,1281
effective,1282
dieting,1283
practice,1284
disadvantages,1285
pretended,1286
rods,1287
bite,1288
ninety,1289
official,1290
organizations,1291
improve,1292
valuable,1293
actors,1294
treated,1295
press,1296
sciencefiction,1297
peaceful,1298
tomatoes,1299
profit,1300
afraid,1301
endangering,1302
studied,1303
growing,1304
amount,1305
deadly,1306
harm,1307
shocked,1308
trade,1309
center,1310
towers,1311
york,1312
attacked,1313
terrorists,1314
september,1315
statues,1316
island,1317
insist,1318
carved,1319
technology,1320
cars,1321
talents,1322
wasted,1323
given,1324
prove,1325
crazes,1326
ddr,1327
piercings,1328
hairdyeing,1329
pc,1330
sora,1331
device,1332
dirt,1333
microscope,1334
smokestacks,1335
cup,1336
matches,1337
yellow,1338
cards,1339
fifa,1340
candler,1341
lots,1342
calendars,1343
clocks,1344
coupons,1345
greatest,1346
tragedies,1347
war,1348
apart,1349
creations,1350
nine,1351
counted,1352
minds,1353
boycott,1354
ended,1355
caught,1356
offers,1357
programs,1358
train,1359
computers,1360
frames,1361
lenses,1362
crystal,1363
hiking,1364
boots,1365
pair,1366
bag,1367
leaving,1368
interestingly,1369
housework,1370
together,1371
rules,1372
decades,1373
jay,1374
hans,1375
hid,1376
painful,1377
secret,1378
machine,1379
tool,1380
business,1381
myself,1382
approve,1383
peace,1384
elm,1385
prices,1386
wendell,1387
moore,1388
ninth,1389
lunar,1390
calendar,1391
exception,1392
whose,1393
remote,1394
jackolanterns,1395
irish,1396
increased,1397
europe,1398
africa,1399
north,1400
teamwork,1401
judge,1402
performance,1403
spoke,1404
accent,1405
motivate,1406
call,1407
stingy,1408
church,1409
chickens,1410
pigs,1411
affected,1412
define,1413
external,1414
thingsmoney,1415
statusand,1416
courses,1417
fighting,1418
customs,1419
prejudices,1420
prevail,1421
secondrate,1422
rose,1423
arctic,1424
ice,1425
melting,1426
population,1427
nearly,1428
done,1429
meeting,1430
remaining,1431
silent,1432
changing,1433
interests,1434
tastes,1435
opportunities,1436
open,1437
regardless,1438
countrys,1439
daytime,1440
soldiers,1441
discovering,1442
painting,1443
scratched,1444
threw,1445
truck,1446
along,1447
central,1448
avenue,1449
noisy,1450
unfortunately,1451
francis,1452
galton,1453
seriously,1454
cry,1455
washington,1456
neglect,1457
conflict,1458
part,1459
game,1460
though,1461
players,1462
realize,1463
p,1464
mens,1465
continued,1466
wear,1467
strength,1468
tells,1469
bound,1470
smallthey,1471
ants,1472
bench,1473
london,1474
humor,1475
depression,1476
supermarket,1477
han,1478
tennis,1479
legal,1480
matters,1481
sala,1482
manager,1483
snatched,1484
policies,1485
threatening,1486
supply,1487
crazy,1488
form,1489
word,1490
relationship,1491
sentence,1492
endings,1493
enjoying,1494
generous,1495
cream,1496
umbrella,1497
head,1498
received,1499
gladly,1500
bringing,1501
answers,1502
direct,1503
hiker,1504
four,1505
culture,1506
shock,1507
hairdo,1508
captain,1509
david,1510
beckham,1511
cakes,1512
cereals,1513
younger,1514
win,1515
brotherswill,1516
brothers,1517
businesses,1518
smells,1519
understands,1520
billion,1521
referee,1522
customization,1523
buyers,1524
taste,1525
needle,1526
expected,1527
subjects,1528
eating,1529
experience,1530
realistic,1531
unless,1532
generations,1533
develop,1534
imaginations,1535
fu,1536
hows,1537
advantage,1538
daughter,1539
plumbing,1540
herself,1541
bill,1542
hotel,1543
elevators,1544
supplies,1545
rising,1546
demand,1547
rosegrant,1548
expert,1549
hesitation,1550
night,1551
mammals,1552
dogs,1553
cats,1554
giraffes,1555
cookies,1556
quietly,1557
teacher,1558
nutrition,1559
chia,1560
advises,1561
praise,1562
points,1563
valued,1564
provide,1565
dr,1566
shut,1567
someday,1568
hero,1569
blood,1570
lamb,1571
lion,1572
lie,1573
confused,1574
restaurants,1575
scent,1576
lemons,1577
remove,1578
pickled,1579
ok,1580
disability,1581
third,1582
begins,1583
access,1584
join,1585
social,1586
political,1587
event,1588
addition,1589
moved,1590
recent,1591
havent,1592
classroom,1593
quiet,1594
wake,1595
species,1596
behaves,1597
gas,1598
seventhirty,1599
quarter,1600
forty,1601
sally,1602
beacuse,1603
tired,1604
fought,1605
careful,1606
shamans,1607
offering,1608
quick,1609
felt,1610
traveled,1611
indeed,1612
terrible,1613
known,1614
front,1615
modem,1616
connection,1617
suit,1618
traditional,1619
sources,1620
heads,1621
shaped,1622
differently,1623
compared,1624
university,1625
explained,1626
challenges,1627
bookstore,1628
englishspeaking,1629
throughout,1630
religion,1631
catholicism,1632
advice,1633
candidate,1634
convince,1635
celebrate,1636
christs,1637
raised,1638
spaghetti,1639
tonight,1640
drive,1641
compressed,1642
spoonful,1643
weighs,1644
kgs,1645
mrs,1646
rosa,1647
walks,1648
picnics,1649
afternoons,1650
updated,1651
gender,1652
discrimination,1653
waste,1654
entire,1655
monitored,1656
million,1657
shown,1658
united,1659
states,1660
drinks,1661
communicating,1662
freedom,1663
throw,1664
cash,1665
forward,1666
convinced,1667
cross,1668
seed,1669
acro,1670
advertise,1671
local,1672
signs,1673
madam,1674
youth,1675
camp,1676
nose,1677
moving,1678
table,1679
individuality,1680
manhood,1681
sketching,1682
wrestler,1683
overcrowding,1684
jams,1685
competition,1686
stress,1687
sociologist,1688
scanzoni,1689
marry,1690
chances,1691
gaining,1692
further,1693
preparing,1694
properly,1695
career,1696
finished,1697
product,1698
delivered,1699
directly,1700
beautifully,1701
vacation,1702
sick,1703
bed,1704
wellknown,1705
visitor,1706
memories,1707
todays,1708
schools,1709
desire,1710
explore,1711
whatever,1712
bicyle,1713
wonderful,1714
magical,1715
creatures,1716
nobody,1717
badly,1718
capital,1719
punishment,1720
cultures,1721
noon,1722
happen,1723
friendly,1724
second,1725
counting,1726
necessary,1727
pass,1728
laws,1729
jacobs,1730
pharmacy,1731
cents,1732
glass,1733
sour,1734
planteating,1735
six,1736
report,1737
farmer,1738
under,1739
enjoys,1740
sumi,1741
airport,1742
coconuts,1743
agency,1744
tropical,1745
ask,1746
questions,1747
draw,1748
graphic,1749
techniques,1750
scary,1751
storm,1752
pearl,1753
harbor,1754
swimming,1755
loves,1756
lets,1757
majority,1758
donna,1759
care,1760
comfortable,1761
beginning,1762
abandoned,1763
grab,1764
reached,1765
thirtyeighth,1766
dealt,1767
court,1768
cried,1769
bit,1770
annie,1771
noticed,1772
nearby,1773
researchers,1774
fertilizer,1775
previously,1776
hear,1777
volume,1778
headache,1779
alone,1780
cyberworld,1781
certainly,1782
misused,1783
offensive,1784
sound,1785
screened,1786
flower,1787
completely,1788
cured,1789
requires,1790
tape,1791
jimmys,1792
laughing,1793
loudly,1794
wow,1795
planets,1796
thorns,1797
spines,1798
stinging,1799
hairs,1800
activity,1801
brother,1802
youd,1803
spaceship,1804
rush,1805
st,1806
century,1807
opera,1808
program,1809
understanding,1810
stand,1811
burst,1812
overweight,1813
low,1814
selfesteem,1815
selfimage,1816
hobby,1817
talked,1818
importance,1819
behavior,1820
where,1821
lose,1822
canyon,1823
plane,1824
floors,1825
success,1826
giles,1827
listened,1828
ride,1829
fighter,1830
jets,1831
areas,1832
telecommunications,1833
impossible,1834
patient,1835
studying,1836
piece,1837
paper,1838
atm,1839
receipt,1840
printed,1841
grandfather,1842
lady,1843
present,1844
sing,1845
hunting,1846
addiction,1847
syndrome,1848
handwriting,1849
wrote,1850
appears,1851
cans,1852
bottles,1853
miss,1854
personal,1855
joked,1856
allow,1857
certain,1858
arriving,1859
bothering,1860
duty,1861
kindness,1862
crime,1863
anger,1864
calmly,1865
pretty,1866
daylight,1867
adults,1868
smoke,1869
except,1870
bright,1871
unbecoming,1872
lazy,1873
minho,1874
express,1875
touches,1876
examines,1877
closely,1878
seen,1879
chooses,1880
color,1881
easier,1882
buildings,1883
castles,1884
latest,1885
oldfashioned,1886
cheap,1887
probably,1888
northern,1889
europeans,1890
wooden,1891
leather,1892
ted,1893
paid,1894
arizona,1895
freeze,1896
refrigerator,1897
pupils,1898
excited,1899
drives,1900
wash,1901
saturdays,1902
wrestling,1903
musical,1904
quran,1905
deeds,1906
reader,1907
hutty,1908
happens,1909
ignorance,1910
binding,1911
inner,1912
models,1913
lawlessness,1914
los,1915
angeles,1916
encourage,1917
drivers,1918
aggression,1919
shootings,1920
invited,1921
raise,1922
voice,1923
income,1924
marriage,1925
precisely,1926
separations,1927
obvious,1928
sandpoint,1929
getting,1930
farmers,1931
loggers,1932
illegally,1933
destroy,1934
hawaii,1935
reasons,1936
professional,1937
skier,1938
chemicals,1939
reply,1940
letter,1941
attention,1942
weight,1943
stays,1944
okay,1945
mary,1946
hopes,1947
accept,1948
rabbits,1949
sleeping,1950
subconscious,1951
mind,1952
thinks,1953
meaningful,1954
week,1955
frogs,1956
extinction,1957
wifes,1958
user,1959
lower,1960
rushing,1961
escape,1962
poverty,1963
artists,1964
exports,1965
unlikely,1966
partners,1967
importantly,1968
decides,1969
serve,1970
museum,1971
shrank,1972
trained,1973
tying,1974
string,1975
afghanistan,1976
burhkas,1977
wait,1978
fresh,1979
constant,1980
reminders,1981
relatives,1982
teachers,1983
brave,1984
skating,1985
eggs,1986
toothache,1987
honest,1988
discussion,1989
benefit,1990
sat,1991
far,1992
civilization,1993
matting,1994
laser,1995
scan,1996
determine,1997
exact,1998
true,1999
womens,2000
rights,2001
movement,2002
discriminate,2003
replaced,2004
media,2005
concluded,2006
statue,2007
drintk,2008
mothers,2009
enter,2010
watched,2011
carried,2012
cleaning,2013
newspaper,2014
photographer,2015
move,2016
fast,2017
although,2018
louis,2019
xiv,2020
unhappy,2021
chinese,2022
developed,2023
killing,2024
needles,2025
scratching,2026
prepare,2027
religious,2028
images,2029
wellmade,2030
tombs,2031
sena,2032
tie,2033
solve,2034
rest,2035
victims,2036
nazis,2037
jewish,2038
shortly,2039
bark,2040
meow,2041
moo,2042
hobble,2043
space,2044
telescope,2045
picture,2046
selling,2047
try,2048
recovering,2049
charming,2050
namerecover,2051
wore,2052
dishes,2053
johnson,2054
pilot,2055
sand,2056
spaces,2057
practicing,2058
selfcontrol,2059
devotion,2060
suppose,2061
operation,2062
peru,2063
quarrels,2064
halloween,2065
online,2066
mostly,2067
readymade,2068
talking,2069
employees,2070
managing,2071
pools,2072
decided,2073
museums,2074
knowing,2075
hire,2076
imageexports,2077
domestic,2078
polite,2079
thumb,2080
european,2081
gods,2082
claims,2083
shorten,2084
period,2085
profits,2086
multiplied,2087
visited,2088
angry,2089
noise,2090
accident,2091
