index,word
1,tom
2,to
3,i
4,the
5,a
6,you
7,is
8,in
9,that
10,of
11,and
12,was
13,do
14,it
15,this
16,have
17,are
18,he
19,be
20,my
21,i'm
22,for
23,me
24,don't
25,his
26,like
27,your
28,think
29,they
30,not
31,we
32,can
33,at
34,there
35,what
36,know
37,want
38,french
39,with
40,on
41,very
42,how
43,mary
44,as
45,she
46,has
47,will
48,go
49,when
50,people
51,been
52,it's
53,going
54,didn't
55,one
56,but
57,all
58,so
59,were
60,time
61,by
62,had
63,did
64,if
65,here
66,why
67,really
68,more
69,from
70,about
71,would
72,too
73,than
74,can't
75,said
76,or
77,no
78,who
79,help
80,some
81,them
82,school
83,tell
84,an
85,ever
86,many
87,their
88,work
89,isn't
90,now
91,please
92,just
93,that's
94,still
95,doesn't
96,used
97,out
98,keep
99,something
100,up
101,come
102,hard
103,us
104,old
105,much
106,sorry
107,him
108,good
109,get
110,you're
111,take
112,never
113,tom's
114,day
115,three
116,where
117,learn
118,could
119,need
120,any
121,only
122,should
123,home
124,most
125,world
126,stop
127,new
128,everyone
129,water
130,other
131,well
132,i've
133,way
134,speak
135,her
136,made
137,doing
138,thought
139,see
140,look
141,our
142,years
143,right
144,money
145,lonely
146,these
147,person
148,make
149,cat
150,use
151,lot
152,wanted
153,came
154,understand
155,may
156,say
157,long
158,man
159,into
160,car
161,give
162,often
163,two
164,boston
165,eat
166,room
167,favorite
168,back
169,knows
170,live
171,over
172,asked
173,i'll
174,find
175,believe
176,house
177,language
178,human
179,love
180,anything
181,feel
182,does
183,told
184,english
185,today
186,last
187,australia
188,every
189,left
190,read
191,then
192,alone
193,problem
194,nobody
195,what's
196,tomorrow
197,life
198,wants
199,first
200,better
201,before
202,because
203,late
204,leave
205,god
206,study
207,dog
208,we're
209,book
210,science
211,went
212,after
213,also
214,job
215,down
216,died
217,again
218,young
219,knew
220,quite
221,play
222,friends
223,yet
224,learning
225,got
226,lie
227,year
228,learned
229,yesterday
230,looks
231,same
232,children
233,should've
234,let's
235,stay
236,talk
237,wrong
238,beautiful
239,buy
240,everybody
241,cold
242,dream
243,teacher
244,working
245,wasn't
246,small
247,without
248,important
249,next
250,high
251,try
252,around
253,nothing
254,sleep
255,true
256,i'd
257,always
258,hope
259,women
260,computer
261,while
262,age
263,little
264,class
265,having
266,off
267,let
268,blood
269,red
270,someone
271,he's
272,took
273,meet
274,you'll
275,won't
276,later
277,books
278,wish
279,father
280,difficult
281,gave
282,we'll
283,food
284,couldn't
285,wearing
286,parents
287,answer
288,done
289,tried
290,anyone
291,am
292,bad
293,trying
294,fish
295,hate
296,mother
297,saw
298,soon
299,anymore
300,able
301,hours
302,watch
303,nice
304,called
305,busy
306,happy
307,easy
308,studying
309,met
310,being
311,married
312,both
313,enough
314,says
315,week
316,those
317,thing
318,students
319,birthday
320,few
321,words
322,each
323,things
324,wait
325,sit
326,felt
327,remember
328,drive
329,great
330,name
331,write
332,drink
333,moon
334,heard
335,medicine
336,must
337,seems
338,bed
339,night
340,woman
341,big
342,korea
343,question
344,sitting
345,there's
346,boy
347,ago
348,times
349,away
350,lost
351,works
352,turn
353,sing
354,hurt
355,yourself
356,inside
357,suicide
358,looking
359,cats
360,languages
361,dark
362,happened
363,even
364,idea
365,everything
366,longer
367,fact
368,child
369,sure
370,social
371,getting
372,friend
373,sometimes
374,party
375,country
376,put
377,morning
378,park
379,software
380,spend
381,such
382,mr
383,open
384,fun
385,forget
386,boys
387,walk
388,reading
389,answered
390,change
391,bought
392,aren't
393,subway
394,best
395,police
396,act
397,almost
398,taking
399,thinks
400,pretty
401,tonight
402,wouldn't
403,who's
404,haven't
405,afraid
406,animals
407,example
408,lived
409,become
410,which
411,through
412,swimming
413,show
414,start
415,die
416,mind
417,serious
418,talking
419,myself
420,dreams
421,might
422,horse
423,bank
424,kind
425,girl
426,dictionary
427,snow
428,eating
429,seen
430,swim
431,mary's
432,you've
433,men
434,christmas
435,found
436,five
437,means
438,six
439,lives
440,earth
441,however
442,listen
443,call
444,follow
445,ready
446,cried
447,ask
448,choose
449,looked
450,singing
451,flowers
452,hear
453,carefully
454,loves
455,full
456,bus
457,free
458,worked
459,borrow
460,killed
461,changed
462,spiders
463,shoes
464,born
465,interested
466,acting
467,phone
468,past
469,gone
470,baby
471,dangerous
472,early
473,cost
474,you'd
475,daughter
476,blue
477,ridiculous
478,body
479,family
480,living
481,assure
482,company
483,chance
484,point
485,since
486,under
487,speaking
488,place
489,different
490,pain
491,days
492,thanks
493,sad
494,lied
495,course
496,care
497,ok
498,quiet
499,cry
500,plants
501,anybody
502,addicted
503,horses
504,interesting
505,caught
506,boss
507,hair
508,safe
509,real
510,waiting
511,taught
512,addict
513,advice
514,rest
515,mean
516,boat
517,tired
518,others
519,wonder
520,its
521,word
522,canadian
523,eggs
524,began
525,allowed
526,dinner
527,four
528,brother
529,until
530,needs
531,apartment
532,watching
533,doctors
534,law
535,piano
536,speaker
537,less
538,homework
539,considered
540,summer
541,actually
542,cause
543,probably
544,sister
545,sports
546,john
547,during
548,information
549,tree
550,using
551,fire
552,won
553,perfect
554,hands
555,smiled
556,laughed
557,careful
558,wine
559,slowly
560,strange
561,mine
562,quickly
563,move
564,finished
565,green
566,stupid
567,mistake
568,manager
569,fast
570,eyes
571,music
572,save
573,bit
574,seemed
575,sleepy
576,win
577,we've
578,yours
579,expect
580,coming
581,main
582,worry
583,visit
584,surprised
585,playing
586,weather
587,shirt
588,decided
589,own
590,husband
591,started
592,reason
593,makes
594,breakfast
595,door
596,teach
597,likes
598,matter
599,several
600,clean
601,grandfather
602,accident
603,thirty
604,avoid
605,doctor
606,whether
607,minutes
608,studied
609,goes
610,history
611,large
612,usually
613,seoul
614,against
615,thinking
616,saying
617,city
618,office
619,traffic
620,star
621,percent
622,run
623,birds
624,hold
625,thank
626,carry
627,quick
628,forgive
629,once
630,curious
631,nervous
632,grow
633,crying
634,kissed
635,hot
636,driving
637,smoking
638,questions
639,winter
640,smell
641,depressed
642,black
643,number
644,changes
645,dead
646,poor
647,short
648,stopped
649,light
650,acted
651,either
652,tv
653,white
654,truth
655,already
656,hand
657,son
658,tennis
659,choice
660,guitar
661,popular
662,group
663,equals
664,catch
665,hat
666,prison
667,waste
668,sold
669,equal
670,prefer
671,umbrella
672,named
673,humans
674,meat
675,walking
676,television
677,rich
678,bigger
679,hospital
680,native
681,another
682,worth
683,whole
684,success
685,lunch
686,wife
687,likely
688,possible
689,floor
690,cannot
691,afternoon
692,player
693,teeth
694,vacation
695,except
696,between
697,earlier
698,parts
699,internet
700,especially
701,workers
702,countries
703,scientists
704,wash
705,welcome
706,grab
707,hurts
708,stand
709,quit
710,trust
711,fly
712,dogs
713,kill
714,check
715,tall
716,warm
717,lying
718,sick
719,faster
720,head
721,honest
722,peace
723,korean
724,voice
725,disappeared
726,bag
727,spider
728,plan
729,laugh
730,outside
731,game
732,unhappy
733,pass
734,health
735,monday
736,kid
737,helps
738,worried
739,where's
740,guess
741,normal
742,relaxing
743,single
744,case
745,2
746,30
747,weird
748,washing
749,addictive
750,song
751,africa
752,lose
753,helping
754,angry
755,maybe
756,window
757,hasn't
758,opened
759,color
760,hire
761,somewhere
762,kitchen
763,sat
764,injured
765,weight
766,rain
767,coat
768,spring
769,feelings
770,exactly
771,ideas
772,games
773,delicious
774,speaks
775,running
776,completely
777,pay
778,future
779,finally
780,diagnosed
781,station
782,singer
783,loved
784,crazy
785,india
786,acupuncture
787,test
788,glad
789,dress
790,gold
791,depression
792,sooner
793,letters
794,experience
795,simply
796,concentrating
797,mistakes
798,story
799,imagine
800,beings
801,drinks
802,sunday
803,airport
804,month
805,milk
806,alice
807,trouble
808,filled
809,famous
810,became
811,months
812,foreign
813,beach
814,river
815,set
816,soap
817,thousands
818,hearing
819,street
820,sound
821,world's
822,strong
823,jack
824,near
825,craze
826,themselves
827,mike
828,dioxin
829,jump
830,begin
831,oh
832,fair
833,goodbye
834,hit
835,shut
836,cool
837,cute
838,deep
839,luck
840,seriously
841,talked
842,wonderful
843,patient
844,bring
845,along
846,face
847,exists
848,how's
849,chuckled
850,envy
851,ignore
852,decide
853,finish
854,overslept
855,moving
856,escaped
857,survived
858,forward
859,exist
860,horrible
861,liars
862,refused
863,relaxed
864,autistic
865,miss
866,fighting
867,apples
868,autumn
869,stood
870,listening
871,melted
872,smart
873,scared
874,she's
875,lazy
876,sleeping
877,missed
878,kids
879,they're
880,warned
881,regret
882,proof
883,lucky
884,watched
885,movie
886,extremely
887,mad
888,2013
889,whose
890,cooking
891,keys
892,library
893,train
894,recognized
895,camera
896,close
897,abroad
898,unknown
899,attempted
900,marry
901,making
902,ran
903,ought
904,passport
905,suffer
906,travel
907,following
908,pictures
909,noise
910,seeing
911,plus
912,happening
913,signal
914,turned
915,fell
916,skills
917,yes
918,fired
919,business
920,media
921,hour
922,exciting
923,carried
924,responsibility
925,discount
926,mountain
927,passed
928,front
929,row
930,eaten
931,e
932,meeting
933,1
934,3
935,suffering
936,rabbits
937,begun
938,low
939,pressure
940,war
941,among
942,celebrate
943,perhaps
944,holiday
945,else
946,expensive
947,news
948,wear
949,noticed
950,battle
951,10
952,skiing
953,consists
954,far
955,engineer
956,viruses
957,field
958,presents
959,education
960,key
961,proud
962,bottle
963,spent
964,usual
965,till
966,final
967,united
968,bottom
969,necessary
970,fishing
971,giving
972,he'd
973,japan
974,south
975,teachers
976,self
977,present
978,dollars
979,brain
980,syndrome
981,autism
982,trip
983,end
984,difficulty
985,sell
986,graduate
987,traveling
988,control
989,order
990,gets
991,image
992,girls
993,convince
994,pulled
995,arrived
996,weren't
997,people's
998,tries
999,20
1000,consider
1001,hundred
1002,cities
1003,cow
1004,smith
1005,diamond
1006,pig
1007,method
1008,asleep
1009,13
1010,5
1011,00
1012,according
1013,unlucky
1014,americans
1015,coca
1016,swift
1017,su
1018,lead
1019,c
1020,terrorism
1021,ads
1022,shows
1023,kinds
1024,juice
1025,13th
1026,meal
1027,special
1028,danger
1029,jane
1030,mi
1031,half
1032,hi
1033,hello
1034,relax
1035,shoot
1036,smile
1037,awesome
1038,wake
1039,ahead
1040,hurry
1041,calm
1042,fainted
1043,rained
1044,7
1045,waited
1046,definitely
1047,lovely
1048,ill
1049,aside
1050,danced
1051,failed
1052,helped
1053,shocked
1054,talks
1055,coughed
1056,giggled
1057,it'll
1058,dancing
1059,smiling
1060,listened
1061,engaged
1062,worrying
1063,screamed
1064,hesitated
1065,closely
1066,simple
1067,searching
1068,ice
1069,hates
1070,volunteered
1071,fascinating
1072,pencil
1073,experts
1074,flower
1075,liar
1076,champagne
1077,doubted
1078,seven
1079,kicked
1080,sent
1081,stole
1082,shy
1083,clock
1084,radio
1085,minute
1086,kept
1087,virus
1088,fault
1089,feet
1090,hired
1091,lawyer
1092,timid
1093,guy
1094,available
1095,older
1096,box
1097,hide
1098,funeral
1099,useful
1100,disappointed
1101,held
1102,message
1103,committed
1104,offer
1105,student
1106,rarely
1107,mom
1108,decision
1109,evil
1110,fat
1111,bedridden
1112,holding
1113,drug
1114,pen
1115,younger
1116,encouraged
1117,dropped
1118,coffee
1119,comes
1120,dreamed
1121,art
1122,melt
1123,terrible
1124,learns
1125,motivated
1126,windows
1127,invited
1128,killing
1129,store
1130,shouldn't've
1131,feeling
1132,reply
1133,press
1134,button
1135,sign
1136,sun
1137,whatever
1138,computers
1139,plays
1140,physics
1141,break
1142,cell
1143,drunk
1144,accept
1145,dreaming
1146,north
1147,deal
1148,thin
1149,secret
1150,given
1151,video
1152,bread
1153,forgotten
1154,joke
1155,brown
1156,professor
1157,heroin
1158,jeans
1159,team
1160,scissors
1161,nearby
1162,played
1163,tastes
1164,stars
1165,code
1166,exam
1167,ashamed
1168,suffers
1169,policeman
1170,wasted
1171,writing
1172,price
1173,evolution
1174,situation
1175,middle
1176,gray
1177,watering
1178,ate
1179,cut
1180,overweight
1181,october
1182,cookies
1183,everyone's
1184,faith
1185,unshaken
1186,hut
1187,maintained
1188,romantic
1189,supposed
1190,attention
1191,air
1192,problems
1193,seem
1194,actor
1195,baseball
1196,unfortunately
1197,pry
1198,private
1199,could've
1200,restaurant
1201,capital
1202,branch
1203,report
1204,he'll
1205,arguing
1206,join
1207,common
1208,public
1209,prior
1210,ball
1211,together
1212,fix
1213,moment
1214,sense
1215,destination
1216,road
1217,creatures
1218,letter
1219,ancient
1220,chinese
1221,flight
1222,beginning
1223,telling
1224,cheese
1225,behind
1226,returned
1227,london
1228,harder
1229,tend
1230,fight
1231,service
1232,respect
1233,refrigerator
1234,repeat
1235,reach
1236,death
1237,denied
1238,brothers
1239,000
1240,introduce
1241,difference
1242,certain
1243,convinced
1244,b
1245,prove
1246,stuck
1247,receive
1248,wolves
1249,comfortable
1250,intelligent
1251,sheep
1252,side
1253,american
1254,sisters
1255,within
1256,german
1257,smoke
1258,invention
1259,happen
1260,impossible
1261,religions
1262,upon
1263,meaning
1264,painting
1265,view
1266,ours
1267,bird
1268,lake
1269,finding
1270,alive
1271,ten
1272,known
1273,sea
1274,send
1275,area
1276,states
1277,clothes
1278,regulations
1279,mandate
1280,protective
1281,eyewear
1282,eight
1283,interest
1284,opportunity
1285,millions
1286,strings
1287,society
1288,minister
1289,oxford
1290,instead
1291,devil
1292,result
1293,bear
1294,grand
1295,classes
1296,discovered
1297,sky
1298,friday
1299,wolf
1300,fewer
1301,vitamin
1302,bible
1303,aliens
1304,recently
1305,general
1306,ramadan
1307,america
1308,parks
1309,replied
1310,environment
1311,international
1312,florida
1313,oranges
1314,rocket
1315,patients
1316,'
1317,ias
1318,betty
1319,ring
1320,crowded
1321, 
1322,voters
1323,molars
1324,movies
1325,germs
1326,fall
1327,itself
1328,meals
1329,harry
1330,sir
1331,pleasant
1332,yu
1333,leg
1334,jobs
1335,ho
1336,forest
1337,rat
1338,places
1339,kim
1340,stone
1341,size
1342,wow
1343,attack
1344,freeze
1345,agree
1346,forgot
1347,paid
1348,bark
1349,fantastic
1350,awful
1351,promise
1352,stinks
1353,45
1354,step
1355,drove
1356,aboard
1357,facts
1358,burns
1359,hey
1360,tragic
1361,mama
1362,drives
1363,fought
1364,nodded
1365,beer
1366,timing
1367,release
1368,cheated
1369,clapped
1370,drowned
1371,exhaled
1372,grinned
1373,realistic
1374,examine
1375,ghosts
1376,annoying
1377,arrogant
1378,apologized
1379,okay
1380,snowing
1381,digging
1382,quietly
1383,staring
1384,yelling
1385,grumbled
1386,insisted
1387,silly
1388,sober
1389,unbelievable
1390,apologize
1391,succeeded
1392,dies
1393,rope
1394,guilty
1395,religious
1396,name's
1397,naive
1398,laughing
1399,confessed
1400,funny
1401,surrendered
1402,congratulations
1403,rap
1404,prayed
1405,trains
1406,scream
1407,excluded
1408,convicted
1409,embarrassed
1410,continue
1411,trainee
1412,vote
1413,immediately
1414,bill
1415,wallet
1416,nearly
1417,nobody's
1418,somebody
1419,we'd
1420,handle
1421,exercise
1422,outdoors
1423,bless
1424,headache
1425,charge
1426,fed
1427,match
1428,cash
1429,lips
1430,excuse
1431,baked
1432,cake
1433,warn
1434,delusion
1435,return
1436,tie
1437,asperger's
1438,weak
1439,bored
1440,hiding
1441,cup
1442,everything's
1443,serve
1444,reservations
1445,wheel
1446,dad
1447,winning
1448,closed
1449,scare
1450,isolated
1451,major
1452,economics
1453,withdrew
1454,cocaine
1455,dance
1456,snows
1457,personal
1458,indeed
1459,dying
1460,practice
1461,goal
1462,focus
1463,cheap
1464,acts
1465,hungry
1466,needed
1467,guys
1468,shaking
1469,soup
1470,cuisine
1471,lawyers
1472,painful
1473,heart
1474,muscle
1475,heater
1476,gas
1477,knife
1478,eyesight
1479,floors
1480,scratched
1481,hated
1482,majors
1483,accurate
1484,pizza
1485,obviously
1486,friendly
1487,deeply
1488,causes
1489,loneliness
1490,cat's
1491,ants
1492,insects
1493,trend
1494,awfully
1495,kick
1496,photo
1497,wedding
1498,dressed
1499,certainly
1500,dyed
1501,darkness
1502,understands
1503,consist
1504,angles
1505,sources
1506,cakes
1507,badly
1508,magazine
1509,blonde
1510,melts
1511,rail
1512,violin
1513,calling
1514,culture
1515,shake
1516,inaccurate
1517,sugar
1518,poet
1519,butter
1520,surf
1521,university
1522,organ
1523,coconuts
1524,novels
1525,must've
1526,appropriately
1527,hadn't
1528,costs
1529,fashioned
1530,novel
1531,interrupting
1532,pharmacy
1533,weighs
1534,cancer
1535,merry
1536,correct
1537,translate
1538,lesson
1539,gift
1540,bitter
1541,tool
1542,appears
1543,barely
1544,rules
1545,grew
1546,document
1547,painted
1548,headaches
1549,asd
1550,originated
1551,describe
1552,suddenly
1553,miserable
1554,mouth
1555,offended
1556,worse
1557,friendship
1558,jackson
1559,hunting
1560,developer
1561,porch
1562,lend
1563,spanish
1564,eye
1565,europe
1566,appear
1567,fake
1568,scolded
1569,suffered
1570,powerful
1571,address
1572,suit
1573,blind
1574,glasses
1575,innocence
1576,responsible
1577,woke
1578,nicotine
1579,enjoying
1580,weekend
1581,equipment
1582,trusted
1583,thrilled
1584,happiest
1585,shower
1586,source
1587,remembered
1588,40
1589,potatoes
1590,explain
1591,shining
1592,dedicated
1593,yellow
1594,colors
1595,garden
1596,twenty
1597,cook
1598,shouldn't
1599,picture
1600,throughout
1601,neither
1602,strawberries
1603,building
1604,pioneer
1605,busier
1606,above
1607,stayed
1608,permanent
1609,throw
1610,tomatoes
1611,unemployed
1612,explode
1613,thirteen
1614,glass
1615,prices
1616,changing
1617,eats
1618,confused
1619,wore
1620,cowboy
1621,bother
1622,supermarket
1623,destroyed
1624,relatives
1625,anger
1626,bitten
1627,sees
1628,eradicating
1629,malaria
1630,murderer
1631,fruit
1632,lack
1633,trained
1634,desire
1635,healthy
1636,jealous
1637,center
1638,complex
1639,invite
1640,humanity
1641,thousand
1642,meters
1643,leader
1644,hid
1645,himself
1646,behavior
1647,fine
1648,theater
1649,focusing
1650,pair
1651,least
1652,disease
1653,energy
1654,temporary
1655,reserve
1656,table
1657,cars
1658,crime
1659,atmosphere
1660,factory
1661,spoke
1662,wondered
1663,relationships
1664,remembering
1665,turning
1666,sand
1667,leaving
1668,wrote
1669,happens
1670,burst
1671,asperger
1672,form
1673,fridge
1674,assured
1675,psychopath
1676,squirrels
1677,pretended
1678,research
1679,sentence
1680,attributes
1681,chess
1682,generous
1683,dishes
1684,optimistic
1685,project
1686,organic
1687,ended
1688,scheduled
1689,saturdays
1690,halloween
1691,sight
1692,needle
1693,pool
1694,bull
1695,horns
1696,25
1697,donuts
1698,saturday
1699,brave
1700,remaining
1701,commit
1702,alarm
1703,ages
1704,slept
1705,solving
1706,marriage
1707,eighteen
1708,volume
1709,nine
1710,machine
1711,roasted
1712,marshmallow
1713,note
1714,continued
1715,divided
1716,pie
1717,teaching
1718,liked
1719,allow
1720,hundreds
1721,knowing
1722,silent
1723,thrown
1724,planting
1725,straightforward
1726,broke
1727,evidence
1728,force
1729,musical
1730,requires
1731,reached
1732,climb
1733,arctic
1734,herself
1735,directions
1736,uncle
1737,although
1738,fading
1739,rapidly
1740,express
1741,relationship
1742,billion
1743,conditions
1744,recent
1745,stories
1746,expected
1747,mostly
1748,religion
1749,stage
1750,though
1751,microscope
1752,stress
1753,cellphone
1754,ride
1755,sawing
1756,closet
1757,top
1758,adults
1759,technology
1760,standing
1761,part
1762,fiction
1763,college
1764,realize
1765,precisely
1766,dozen
1767,farm
1768,garbage
1769,poland
1770,italy
1771,pumpkins
1772,particular
1773,include
1774,candle
1775,arrested
1776,bomb
1777,chemical
1778,skin
1779,clear
1780,roads
1781,blacks
1782,believers
1783,town
1784,dear
1785,artworks
1786,mail
1787,mirror
1788,scene
1789,fingers
1790,koreans
1791,p
1792,m
1793,folk
1794,christ
1795,fifty
1796,plant
1797,nowadays
1798,sets
1799,robinson
1800,desk
1801,susan
1802,centuries
1803,waves
1804,expecting
1805,coyotes
1806,japanese
1807,cyber
1808,u
1809,frozen
1810,newspapers
1811,intelligence
1812,custom
1813,yell
1814,ways
1815,mi's
1816,mark
1817,female
1818,pants
1819,highly
1820,legs
1821,orange
1822,rowland
1823,trees
1824,counselor
1825,operations
1826,china
1827,groundwater
1828,stages
1829,behaviors
1830,peter
1831,pocket
1832,polar
1833,bears
1834,becoming
1835,burning
1836,judy
1837,males
1838,one's
1839,including
1840,jesus
1841,candidates
1842,wisdom
1843,reporting
1844,100
1845,psychologists
1846,finger
1847,easter
1848,giant
1849,automobile
1850,rooms
1851,invented
1852,factories
1853,mexico
1854,cola
1855,loss
1856,jaws
1857,children's
1858,cage
1859,topic
1860,engineering
1861,knowledge
1862,muslim
1863,cameras
1864,employers
1865,cows
1866,power
1867,lincoln
1868,second
1869,accidents
1870,industry
1871,stones
1872,becomes
1873,homes
1874,height
1875,heels
1876,pull
1877,ground
1878,seeds
1879,pollution
1880,showing
1881,george
1882,products
1883,rattin
1884,math
1885,putting
1886,conversation
1887,plumber
1888,shopping
1889,monkeys
1890,king
1891,brought
1892,monkey
1893,poured
1894,alien
1895,highways
1896,principal
1897,solution
1898,enters
1899,bodies
1900,bob
1901,deciding
1902,christians
1903,amazon
1904,beliefs
1905,ones
1906,flew
1907,jar
1908,rocks
1909,reduces
1910,brings
1911,negative
1912,protect
1913,create
1914,cruise
1915,entered
1916,sounds
1917,anonymity
1918,habit
1919,ourselves
1920,village
1921,july
1922,nancy
1923,lucy
1924,elephants
1925,'a
1926,pyramids
1927,carvings
1928,earn
1929,hug
1930,beat
1931,skip
1932,cheer
1933,ugly
1934,wept
1935,snowed
1936,below
1937,tight
1938,dozed
1939,knits
1940,cares
1941,idiot
1942,disagree
1943,comment
1944,agreed
1945,cheats
1946,gasped
1947,jumped
1948,moaned
1949,sighed
1950,snores
1951,yawned
1952,cheerful
1953,closer
1954,resigned
1955,exercised
1956,pity
1957,unfair
1958,hugged
1959,obeyed
1960,blushed
1961,frowned
1962,groaned
1963,inhaled
1964,kneeled
1965,promised
1966,beef
1967,spoon
1968,understood
1969,bleeding
1970,focused
1971,whining
1972,approved
1973,enlisted
1974,flinched
1975,eager
1976,shrugged
1977,whistled
1978,bloom
1979,homesick
1980,firefox
1981,gambling
1982,clearly
1983,positive
1984,babbling
1985,shooting
1986,anyway
1987,graduated
1988,lies
1989,lasagna
1990,louder
1991,proceed
1992,grumbling
1993,meowed
1994,quarreled
1995,ticket
1996,abusive
1997,behave
1998,boil
1999,suits
2000,dawn
2001,funerals
2002,misunderstood
2003,zoo
2004,heartbroken
2005,sulking
2006,ethical
2007,humid
2008,panic
2009,boiled
2010,retired
2011,runner
2012,genius
2013,sword
2014,file
2015,embarrassing
2016,disorganized
2017,suicidal
2018,loud
2019,apologizing
2020,complaining
2021,amateurs
2022,escaping
2023,seat's
2024,nominee
2025,orphan
2026,skinny
2027,shivering
2028,admission
2029,goodnight
2030,nails
2031,shout
2032,watermelon
2033,text
2034,shook
2035,awake
2036,golf
2037,texted
2038,intoxicated
2039,permit
2040,devastated
2041,reconsider
2042,overreacting
2043,moves
2044,vomited
2045,tacky
2046,greedy
2047,parrots
2048,member
2049,believed
2050,unavoidable
2051,shoelaces
2052,rough
2053,minded
2054,astonished
2055,retreating
2056,wi
2057,fi
2058,astute
2059,chivalry
2060,fifties
2061,fool
2062,communist
2063,kidnapped
2064,santa
2065,claus
2066,slower
2067,site
2068,breath
2069,multilingual
2070,daydreaming
2071,traumatized
2072,dirty
2073,poetry
2074,everywhere
2075,colds
2076,contagious
2077,dolphins
2078,meant
2079,opposite
2080,disappointing
2081,boiling
2082,option
2083,proven
2084,meowing
2085,starts
2086,thug
2087,pies
2088,lightheaded
2089,gun
2090,luckiest
2091,reflects
2092,skis
2093,adorable
2094,yourselves
2095,caffeine
2096,bean
2097,floss
2098,taxi
2099,personally
2100,puppies
2101,origin
2102,witness
2103,rent
2104,sanded
2105,pulse
2106,insult
2107,nickname
2108,drugs
2109,attended
2110,farther
2111,dislike
2112,chocolate
2113,hilarious
2114,apparently
2115,videos
2116,written
2117,kendo
2118,martial
2119,license
2120,listens
2121,vision
2122,warning
2123,ingenious
2124,salty
2125,plenty
2126,interpreter
2127,decisive
2128,cigar
2129,forgetful
2130,steady
2131,speed
2132,6
2133,hardly
2134,enjoy
2135,buzzing
2136,barking
2137,aimed
2138,target
2139,lovable
2140,lacks
2141,saxophone
2142,sleeps
2143,totally
2144,horse's
2145,prepared
2146,beginner
2147,competitive
2148,square
2149,cite
2150,baking
2151,treat
2152,freebie
2153,greece
2154,beaten
2155,recognize
2156,impressed
2157,aware
2158,casual
2159,gained
2160,worst
2161,fears
2162,what'll
2163,apology
2164,chair
2165,singers
2166,climbed
2167,concentrate
2168,steps
2169,troubled
2170,incredibly
2171,lobby
2172,erase
2173,destroys
2174,reservation
2175,robbed
2176,cigarettes
2177,insurance
2178,scientific
2179,basement
2180,missing
2181,seat
2182,procrastinating
2183,soluble
2184,braided
2185,beard
2186,shouting
2187,grown
2188,ammo
2189,ignored
2190,deceived
2191,actinium
2192,051°c
2193,citizen
2194,shell
2195,desperate
2196,jail
2197,bet
2198,decode
2199,rid
2200,ballpoint
2201,surgeon
2202,standoffish
2203,overseas
2204,interrupt
2205,kilograms
2206,takes
2207,forever
2208,breast
2209,masculine
2210,calculation
2211,puns
2212,forced
2213,efforts
2214,that'll
2215,mud
2216,promising
2217,wrapped
2218,cracked
2219,sale
2220,suburbs
2221,cookie
2222,initialed
2223,potato
2224,chips
2225,tough
2226,mood
2227,unbelievably
2228,naïve
2229,understandingly
2230,sings
2231,pondered
2232,slammed
2233,swims
2234,disrespectful
2235,attitude
2236,birthday's
2237,review
2238,skype
2239,username
2240,feed
2241,discounted
2242,justify
2243,action
2244,exit
2245,donated
2246,jokes
2247,sadness
2248,birthdays
2249,managed
2250,crack
2251,bare
2252,minimum
2253,symbol
2254,aged
2255,tidy
2256,bedroom
2257,cupcakes
2258,plate
2259,national
2260,corners
2261,disorder
2262,decent
2263,frugal
2264,passionate
2265,opinion
2266,mexican
2267,buddhism
2268,foxes
2269,animal
2270,soldier
2271,ship
2272,canada
2273,punished
2274,d
2275,hating
2276,quality
2277,quantity
2278,sensible
2279,ski
2280,obligation
2281,rhetorical
2282,inevitable
2283,silk
2284,backed
2285,voices
2286,prefers
2287,favor
2288,hunger
2289,magnet
2290,junk
2291,deaf
2292,dumb
2293,rows
2294,logically
2295,tech
2296,husband's
2297,composer
2298,role
2299,glitters
2300,drunks
2301,announcement
2302,bags
2303,medical
2304,stealing
2305,stumped
2306,coincidence
2307,gifts
2308,kilometers
2309,jerk
2310,traumatic
2311,linux
2312,peel
2313,carrots
2314,tallest
2315,squared
2316,expression
2317,brightly
2318,jungle
2319,brandy
2320,electrical
2321,neighbor
2322,cap
2323,lets
2324,practices
2325,walked
2326,towards
2327,stairs
2328,suitcase
2329,closest
2330,mustaches
2331,happier
2332,persistent
2333,antibiotics
2334,willing
2335,perishes
2336,boxes
2337,hamburger
2338,boyfriend
2339,intrigued
2340,subject
2341,paris
2342,france
2343,grass
2344,silver
2345,season
2346,roof
2347,forgiveness
2348,appointment
2349,talkative
2350,painkillers
2351,installing
2352,insomnia
2353,mature
2354,unable
2355,intentions
2356,childish
2357,vegetarian
2358,infected
2359,poorest
2360,continent
2361,sweet
2362,souls
2363,oppose
2364,sixteen
2365,naked
2366,70
2367,interrupted
2368,nowhere
2369,informed
2370,regretted
2371,diet
2372,sunny
2373,gunshots
2374,instincts
2375,arrival
2376,heavy
2377,constantly
2378,evolving
2379,data
2380,useless
2381,broken
2382,ridiculously
2383,belong
2384,deleted
2385,torn
2386,oriented
2387,methamphetamine
2388,strongest
2389,unemployment
2390,disneyland
2391,archeology
2392,preference
2393,overtime
2394,shortcut
2395,count
2396,workaholic
2397,defend
2398,confident
2399,strict
2400,richest
2401,reputation
2402,nor
2403,active
2404,lay
2405,hidden
2406,bushes
2407,flows
2408,bridge
2409,seasons
2410,personality
2411,fattest
2412,tango
2413,nations
2414,varieties
2415,adjustments
2416,solved
2417,plural
2418,innocent
2419,mars
2420,tore
2421,gotten
2422,divorced
2423,appreciate
2424,recommend
2425,distinguished
2426,volunteer
2427,services
2428,nevertheless
2429,sway
2430,conviction
2431,weapons
2432,wounded
2433,silence
2434,weapon
2435,snakes
2436,blooded
2437,crawling
2438,brighter
2439,pond
2440,limit
2441,restroom's
2442,toilet
2443,clogged
2444,barged
2445,idle
2446,relatively
2447,fit
2448,explanation
2449,barbeque
2450,overqualified
2451,helpful
2452,swedish
2453,swiss
2454,kilometer
2455,wise
2456,whenever
2457,date
2458,helicopter
2459,mystery
2460,rock
2461,dumbest
2462,aroused
2463,suspicions
2464,staying
2465,sunglasses
2466,rumor
2467,total
2468,stranger
2469,cooked
2470,pork
2471,hypothesis
2472,accomplishments
2473,stronger
2474,giraffe
2475,soil
2476,thick
2477,oil
2478,technique
2479,slightly
2480,mid
2481,thirties
2482,prevented
2483,kiss
2484,chronic
2485,parties
2486,injuries
2487,predict
2488,salt
2489,toll
2490,800
2491,446
2492,2581
2493,threat
2494,cave
2495,siberia
2496,fever
2497,coughing
2498,shenanigans
2499,ignorant
2500,neighbors
2501,arrives
2502,robots
2503,manufacture
2504,slavery
2505,vegetables
2506,tire
2507,employs
2508,250
2509,relieve
2510,auction
2511,rather
2512,limited
2513,concerned
2514,names
2515,sandwich
2516,checked
2517,references
2518,cuter
2519,amazing
2520,ruined
2521,tumor
2522,revolve
2523,wheelbarrow
2524,swallowing
2525,pondering
2526,delusions
2527,occur
2528,napping
2529,safety
2530,vessel
2531,england
2532,install
2533,suggest
2534,cafeteria
2535,situations
2536,influenza
2537,competed
2538,race
2539,froze
2540,chase
2541,clasped
2542,son's
2543,graduation
2544,notice
2545,harmonica
2546,allergic
2547,development
2548,judged
2549,astronomy
2550,chilly
2551,forehead
2552,sudden
2553,appearance
2554,washed
2555,stops
2556,raining
2557,independent
2558,taxes
2559,larger
2560,conference
2561,similar
2562,bathtub
2563,crush
2564,neighbor's
2565,responded
2566,email
2567,damages
2568,smaller
2569,bacteria
2570,stuff
2571,purse
2572,participants
2573,t
2574,hole
2575,comedies
2576,brains
2577,consume
2578,body's
2579,betrayed
2580,elevator
2581,actions
2582,worthy
2583,medal
2584,perfectly
2585,upset
2586,taken
2587,frequently
2588,turkey
2589,attractive
2590,o'clock
2591,pasture
2592,continents
2593,loose
2594,waist
2595,primary
2596,dorm
2597,mission
2598,successfully
2599,largest
2600,sympathy
2601,artistic
2602,confuse
2603,bullying
2604,teasing
2605,deposited
2606,prize
2607,spur
2608,armchair
2609,grandparents
2610,intend
2611,decline
2612,cruel
2613,indoors
2614,land
2615,1950
2616,invaded
2617,union
2618,varies
2619,dive
2620,wakes
2621,widower
2622,canoeing
2623,answering
2624,loan
2625,payday
2626,canadians
2627,calculate
2628,cube
2629,cork
2630,doubt
2631,borrowed
2632,smarter
2633,government
2634,tends
2635,severely
2636,alcoholic
2637,sophisticated
2638,fifteen
2639,elementary
2640,heavier
2641,sandwiches
2642,onigiris
2643,fried
2644,hokkaido
2645,psychologist
2646,suspect
2647,grammar
2648,mathematics
2649,footprints
2650,pentium
2651,microprocessor
2652,grocery
2653,sells
2654,complete
2655,distortion
2656,plague
2657,hoping
2658,realized
2659,studies
2660,pomegranates
2661,collecting
2662,blankets
2663,homeless
2664,demonstrate
2665,antibodies
2666,infections
2667,blaming
2668,genes
2669,specific
2670,sequence
2671,dna
2672,insight
2673,psychology
2674,dismissed
2675,entrance
2676,exams
2677,muscles
2678,fibers
2679,remained
2680,drop
2681,canned
2682,tuna
2683,palm
2684,backyard
2685,irresponsible
2686,christian
2687,missionary
2688,editing
2689,donation
2690,stopping
2691,lately
2692,improved
2693,issue
2694,prevent
2695,receiving
2696,valentine's
2697,falls
2698,adult
2699,spending
2700,marine
2701,biologist
2702,sake
2703,quitting
2704,darwin's
2705,theory
2706,paint
2707,garage
2708,ordered
2709,illness
2710,picnic
2711,convey
2712,instrument
2713,jacket
2714,based
2715,observations
2716,account
2717,admit
2718,transplant
2719,courage
2720,mona
2721,lisa
2722,leonardo
2723,da
2724,vinci
2725,recognizing
2726,patterns
2727,material
2728,float
2729,currently
2730,distinctive
2731,scar
2732,pub
2733,tern
2734,biwa
2735,venom
2736,harmless
2737,battling
2738,slow
2739,misunderstanding
2740,spends
2741,bacon
2742,selfish
2743,delayed
2744,sandstorm
2745,washes
2746,stared
2747,distance
2748,reaction
2749,requirements
2750,severe
2751,wished
2752,countless
2753,cells
2754,version
2755,breathed
2756,entering
2757,boss's
2758,somehow
2759,spicy
2760,walls
2761,heat
2762,bothered
2763,thanked
2764,permitting
2765,attracted
2766,nitrogen
2767,oxygen
2768,philosophy
2769,twelve
2770,pairs
2771,diary
2772,recommended
2773,princess
2774,castle
2775,restored
2776,932
2777,8647
2778,heaven
2779,sounded
2780,gunshot
2781,attribute
2782,failure
2783,president
2784,indicted
2785,paying
2786,kickbacks
2787,absolutely
2788,hostage
2789,linguistics
2790,snowman
2791,enables
2792,bike
2793,wobbles
2794,ebola
2795,spreads
2796,bodily
2797,fluids
2798,persuade
2799,invent
2800,frightening
2801,mississippi
2802,longest
2803,gravity
2804,sixth
2805,climate
2806,influence
2807,character
2808,sincerely
2809,caused
2810,inconvenience
2811,sum
2812,triangle
2813,180
2814,degrees
2815,respected
2816,perfume
2817,scores
2818,strictly
2819,dialects
2820,shoebox
2821,child's
2822,mechanical
2823,detective
2824,practical
2825,charity
2826,multiple
2827,tests
2828,semiconductors
2829,export
2830,pathological
2831,penguins
2832,pets
2833,interactions
2834,tournament
2835,fortunately
2836,errors
2837,advanced
2838,greatly
2839,girlfriend
2840,neighborhood
2841,kites
2842,murder
2843,sentenced
2844,imprisonment
2845,forgiven
2846,mat
2847,pot
2848,claimed
2849,owned
2850,historians
2851,bug
2852,correctly
2853,occasionally
2854,prods
2855,reaching
2856,customer
2857,rep
2858,reformat
2859,disk
2860,freshman
2861,hanging
2862,seniors
2863,asks
2864,toys
2865,undoubtedly
2866,inspiration
2867,technologies
2868,blog
2869,blogs
2870,quits
2871,blogging
2872,shame
2873,background
2874,doubtless
2875,vice
2876,versa
2877,acquainted
2878,whom
2879,intimately
2880,easily
2881,inhabit
2882,created
2883,picking
2884,generally
2885,streets
2886,apron
2887,progressive
2888,occasion
2889,state
2890,affairs
2891,riding
2892,shines
2893,temperature
2894,carbon
2895,surface
2896,unpopular
2897,jimmy
2898,timmy
2899,identical
2900,twins
2901,ziege
2902,germany
2903,brazilian
2904,superstars
2905,ronaldo
2906,roberto
2907,carlos
2908,belonged
2909,bald
2910,club
2911,taliban
2912,smooth
2913,narrow
2914,anywhere
2915,montgomery's
2916,buses
2917,aliens'
2918,visits
2919,argue
2920,historical
2921,support
2922,belief
2923,hikers
2924,woods
2925,located
2926,kwach'ǒn
2927,weekends
2928,california
2929,driver
2930,jones
2931,builing
2932,grateful
2933,various
2934,activities
2935,discoveries
2936,missile
2937,bases
2938,airports
2939,satellite
2940,systems
2941,priceless
2942,damaged
2943,warfare
2944,vermont
2945,flag
2946,manage
2947,commerce
2948,swallow
2949,saliva
2950,wild
2951,widely
2952,acrobat
2953,ashes
2954,mainly
2955,produced
2956,burned
2957,horror
2958,hurried
2959,tale
2960,tricked
2961,climbing
2962,speakers
2963,communities
2964,suggested
2965,pessimist
2966,toy
2967,optimist
2968,empty
2969,higher
2970,sort
2971,fairy
2972,tales
2973,myths
2974,legends
2975,inca
2976,chewed
2977,leaves
2978,writer
2979,jonathan
2980,lady's
2981,bat
2982,hits
2983,nam
2984,calss
2985,crowd
2986,pace
2987,rings
2988,bell
2989,sending
2990,signals
2991,actress
2992,superstar
2993,calves
2994,lambs
2995,farms
2996,impress
2997,hosts
2998,troubles
2999,type
3000,cases
3001,released
3002,murders
3003,17
3004,400
3005,90
3006,s
3007,julia
3008,curly
3009,grapevine
3010,referring
3011,humankind
3012,revolutionary
3013,methods
3014,departed
3015,drinking
3016,discover
3017,extraterrestrial
3018,muslims
3019,yearly
3020,compare
3021,peoples'
3022,symbols
3023,lion's
3024,mate
3025,pick
3026,supper
3027,owners
3028,educated
3029,landing
3030,henry
3031,augustus
3032,scientist
3033,modesty
3034,poorer
3035,options
3036,youngsters
3037,delay
3038,marriag
3039,backpack
3040,imagined
3041,twice
3042,incurable
3043,diseases
3044,shot
3045,toward
3046,equality
3047,sexes
3048,followed
3049,observed
3050,sons
3051,complain
3052,values
3053,respond
3054,rang
3055,banker
3056,react
3057,variously
3058,grandmother
3059,levels
3060,falling
3061,meter
3062,per
3063,flexible
3064,ned
3065,ben
3066,carries
3067,bobby
3068,shapes
3069,design
3070,features
3071,picked
3072,succeed
3073,2030
3074,'perhaps
3075,reporter
3076,weaken
3077,decrease
3078,productivity
3079,'i've
3080,downstairs
3081,cs
3082,advertising
3083,governments
3084,babies
3085,puzzled
3086,planned
3087,susie
3088,gril
3089,ch'unch'on
3090,robins
3091,fluttering
3092,1890s
3093,western
3094,style
3095,eyeglasses
3096,pumpkin
3097,fans
3098,diana
3099,ju
3100,'bear'
3101,'star
3102,wars'
3103,weeks'
3104,loving
3105,operate
3106,freely
3107,teaches
3108,females
3109,adds
3110,rats
3111,disorderly
3112,violent
3113,explanations
3114,across
3115,search
3116,vultures
3117,flying
3118,circles
3119,judas
3120,guest
3121,rainy
3122,naturally
3123,bismillah
3124,november
3125,11
3126,keeps
3127,effective
3128,dieting
3129,disadvantages
3130,rods
3131,bite
3132,ninety
3133,official
3134,organizations
3135,improve
3136,valuable
3137,actors
3138,treated
3139,peaceful
3140,profit
3141,endangering
3142,80
3143,day's
3144,growing
3145,amount
3146,deadly
3147,harm
3148,trade
3149,towers
3150,york
3151,attacked
3152,terrorists
3153,september
3154,11th
3155,2001
3156,statues
3157,island
3158,insist
3159,carved
3160,talents
3161,crazes
3162,ddr
3163,piercings
3164,dyeing
3165,pc
3166,ra
3167,device
3168,dirt
3169,smokestacks
3170,1970
3171,matches
3172,cards
3173,fifa
3174,candler
3175,lots
3176,calendars
3177,clocks
3178,coupons
3179,greatest
3180,tragedies
3181,apart
3182,creations
3183,counted
3184,minds
3185,boycott
3186,382
3187,offers
3188,programs
3189,frames
3190,lenses
3191,crystal
3192,hiking
3193,boots
3194,interestingly
3195,housework
3196,decades
3197,jay
3198,hans
3199,approve
3200,elm
3201,wendell
3202,moore
3203,1953
3204,ninth
3205,lunar
3206,calendar
3207,exception
3208,remote
3209,o
3210,lanterns
3211,irish
3212,1910
3213,1990
3214,increased
3215,500
3216,300
3217,teamwork
3218,judge
3219,worker's
3220,performance
3221,accent
3222,motivate
3223,stingy
3224,church
3225,chickens
3226,pigs
3227,affected
3228,1920
3229,define
3230,external
3231,status
3232,courses
3233,customs
3234,prejudices
3235,prevail
3236,rate
3237,rose
3238,melting
3239,50
3240,population
3241,66
3242,'no'
3243,interests
3244,opportunities
3245,regardless
3246,country's
3247,system
3248,daytime
3249,soldiers
3250,discovering
3251,threw
3252,truck
3253,central
3254,avenue
3255,noisy
3256,francis
3257,galton
3258,washington
3259,neglect
3260,conflict
3261,players
3262,men's
3263,strength
3264,'belief
3265,system'
3266,tells
3267,bound
3268,  
3269,weeks
3270,bench
3271,humor
3272,han
3273,legal
3274,matters
3275,'you're
3276,sala
3277,snatched
3278,policies
3279,threatening
3280,supply
3281,endings
3282,'people
3283,cream
3284,received
3285,gladly
3286,bringing
3287,answers
3288,direct
3289,hiker
3290,shock
3291,hairdo
3292,captain
3293,david
3294,beckham
3295,cereals
3296,businesses
3297,smells
3298,28
3299,referee
3300,customization
3301,buyer's
3302,taste
3303,subjects
3304,unless
3305,generations
3306,develop
3307,imaginations
3308,fu
3309,advantage
3310,plumbing
3311,hotel
3312,elevators
3313,supplies
3314,rising
3315,demand
3316,rosegrant
3317,expert
3318,hesitation
3319,1865
3320,mammals
3321,giraffes
3322,nutrition
3323,chia
3324,advises
3325,praise
3326,points
3327,valued
3328,provide
3329,dr
3330,someday
3331,hero
3332,lamb
3333,lion
3334,restaurants
3335,scent
3336,lemons
3337,remove
3338,pickled
3339,disability
3340,18
3341,third
3342,begins
3343,access
3344,political
3345,event
3346,addition
3347,moved
3348,classroom
3349,species
3350,behaves
3351,quarter
3352,forty
3353,sally
3354,beacuse
3355,shamans
3356,offering
3357,traveled
3358,modem
3359,connection
3360,traditional
3361,heads
3362,shaped
3363,differently
3364,compared
3365,explained
3366,challenges
3367,bookstore
3368,peoples
3369,catholicism
3370,candidate
3371,christ's
3372,raised
3373,spaghetti
3374,hour's
3375,compressed
3376,spoonful
3377,500kgs
3378,mrs
3379,rosa
3380,walks
3381,picnics
3382,afternoons
3383,updated
3384,gender
3385,discrimination
3386,entire
3387,monitored
3388,million
3389,shown
3390,8
3391,05
3392,communicating
3393,freedom
3394,cross
3395,seed
3396,acro
3397,advertise
3398,local
3399,signs
3400,madam
3401,youth
3402,camp
3403,nose
3404,individuality
3405,manhood
3406,15
3407,sketching
3408,wrestler
3409,overcrowding
3410,jams
3411,competition
3412,sociologist
3413,scanzoni
3414,chances
3415,gaining
3416,further
3417,preparing
3418,properly
3419,career
3420,product
3421,delivered
3422,directly
3423,beautifully
3424,visitor
3425,memories
3426,today's
3427,schools
3428,explore
3429,bicyle
3430,magical
3431,punishment
3432,cultures
3433,noon
3434,counting
3435,laws
3436,jacob's
3437,cents
3438,sour
3439,farmer
3440,enjoys
3441,agency
3442,tropical
3443,draw
3444,graphic
3445,techniques
3446,scary
3447,storm
3448,pearl
3449,harbor
3450,majority
3451,donna
3452,abandoned
3453,thirtyeighth
3454,dealt
3455,court
3456,annie
3457,researchers
3458,fertilizer
3459,previously
3460,cyberworld
3461,misused
3462,offensive
3463,screened
3464,9
3465,cured
3466,tape
3467,jimmy's
3468,loudly
3469,planets
3470,thorns
3471,spines
3472,stinging
3473,hairs
3474,activity
3475,spaceship
3476,rush
3477,21st
3478,century
3479,opera
3480,program
3481,understanding
3482,esteem
3483,hobby
3484,importance
3485,canyon
3486,plane
3487,giles'
3488,fighter
3489,jets
3490,areas
3491,telecommunications
3492,piece
3493,paper
3494,atm
3495,receipt
3496,printed
3497,lady
3498,addiction
3499,handwriting
3500,cans
3501,bottles
3502,joked
3503,arriving
3504,bothering
3505,duty
3506,kindness
3507,calmly
3508,daylight
3509,bright
3510,unbecoming
3511,min
3512,touches
3513,examines
3514,chooses
3515,easier
3516,buildings
3517,castles
3518,latest
3519,northern
3520,europeans
3521,wooden
3522,leather
3523,ted
3524,2000
3525,arizona
3526,pupils
3527,excited
3528,wrestling
3529,quran
3530,deeds
3531,reader
3532,hutty
3533,ignorance
3534,binding
3535,inner
3536,models
3537,lawlessness
3538,los
3539,angeles
3540,encourage
3541,drivers
3542,aggression
3543,shootings
3544,raise
3545,income
3546,separations
3547,obvious
3548,sandpoint
3549,farmers
3550,loggers
3551,illegally
3552,destroy
3553,hawaii
3554,reasons
3555,professional
3556,skier
3557,chemicals
3558,stays
3559,hopes
3560,subconscious
3561,meaningful
3562,frogs
3563,extinction
3564,wife's
3565,user
3566,lower
3567,rushing
3568,escape
3569,poverty
3570,artists
3571,exports
3572,unlikely
3573,partners
3574,importantly
3575,decides
3576,museum
3577,shrank
3578,tying
3579,string
3580,afghanistan
3581,burhkas
3582,fresh
3583,constant
3584,reminders
3585,boy'
3586,skating
3587,toothache
3588,discussion
3589,benefit
3590,civilization
3591,matting
3592,laser
3593,scan
3594,determine
3595,exact
3596,women's
3597,rights
3598,movement
3599,discriminate
3600,replaced
3601,concluded
3602,statue
3603,year's
3604,drintk
3605,mother's
3606,enter
3607,cleaning
3608,newspaper
3609,photographer
3610,louis
3611,xiv
3612,developed
3613,needles
3614,scratching
3615,prepare
3616,images
3617,tombs
3618,se
3619,na
3620,solve
3621,victims
3622,nazis
3623,jewish
3624,shortly
3625,meow
3626,moo
3627,hobble
3628,space
3629,telescope
3630,selling
3631,recovering
3632,charming
3633,recover
3634,johnson
3635,pilot
3636,spaces
3637,practicing
3638,devotion
3639,suppose
3640,operation
3641,peru
3642,quarrels
3643,line
3644,employees
3645,managing
3646,pools
3647,museums
3648,image exports
3649,domestic
3650,polite
3651,thumb
3652,european
3653,12
3654,gods
3655,claims
3656,shorten
3657,period
3658,profits
3659,multiplied
3660,visited
0,
3661,<SOS>
3662,<EOS>
