english,korean
You'll be picking fruit and generally helping us do all the usual farm work.,당신은 과일을 따기도 하고 대체로 우리가 하는 일상적인 농장 일을 돕게 될 겁니다.
"In the Middle Ages, cities were not very clean, and the streets were filled with garbage.",중세에 도시들은 그리 깨끗하지 않았고 거리는 오물로 가득 차 있었다.
"For the moment they may yet be hiding behind their apron strings, but sooner or later their society will catch up with the progressive world.","지금은 여성들이 앞치마 끈 뒤에서 숨어있을지 모르지만, 조만간 그들의사회는 진보하는 세계를 따라 잡을 것이다."
"Do you know what the cow answered?"" said the minister.","소가 뭐라고 대답했는지 압니까?"" 라고 목사가 말했다."
Poland and Italy may seem like very different countries.,폴란드와 이탈리아는 매우 다른 나라들처럼 보여진다.
Mr. Smith and I stayed the whole day in Oxford.,Smith씨와 나는 Oxford에서 하루 종일 지냈다.
The sight of a red traffic signal gave him an idea.,적색 교통 신호등을 본 것이 그에게 아이디어를 주었다.
So they used pumpkins instead.,그래서 그들은 호박을 대신 사용하였다.
2. a particular occasion of state of affairs: They might not offer me much money.,"2. 특별한 일의 경우, 사정: 그들은 내게 돈을 많이 주지 않을 지도 모른다."
"I'm especially interested in learning, horse-riding skills, so I hope you'll include information about this.","저는 특히 승마 기술을 배우는 것에 관심이 있으므로, 이것에 대한 정보를 포함시켜 주시길 바랍니다."
"Instead, the devil gave him a single candle to light his way through the darkness.","그 대신에, 악마는 그에게 어둠 속에서 길을 밝히도록 초 한 자루를 주었다."
It shines over the sea.,그것은 바다 위를 비춘다.
"He, too, was arrested, and a bomb was thrown at his house.","그도 체포되었으며, 그의 집에는 폭탄이 던져졌다."
It seems that the high temperature and pressure on the star made its carbon surface turn to diamond.,별에 가해진 높은 온도와 압력이 탄소 표면을 다이아몬드로 변하게 한 것 같다.
"""The pig was unpopular while the cow was loved by everyone.","""돼지는 인기가 없었는데 소는 모든 사람들의 사랑을 받았어요."
Books give a lot of things to us.,책은 많은 것들을 우리에게 준다.
Jimmy and Timmy were identical twins.,지미와 티미는 일란성 쌍둥이였다.
It is a chemical that cause cancer.,이것은 암을 유발하는 화학물질이다.
Ziege from Germany and Brazilian superstars Ronaldo and Roberto Carlos belonged to the bald club.,독일의 지게와 브라질의 슈퍼스타 호나우두와 로베르토 카를로스는 민머리 클럽에 속했다.
Now the Taliban are gone and things have begun to change.,이제 탈레반은 사라졌고 상황은 변하기 시작했다.
"Is your skin clear, smooth, and shining with health?","당신의 피부는 깨끗하고, 부드러우며, 건강미로 빛이 납니까?"
"As a result, there is a great deal of traffic and usually not enough roads, and most of the roads are too narrow.","그 결과 교통량은 많고 도로는 충분치 않으며, 도로들의 대부분은 너무나 비좁다."
The new law said that blacks were free to sit anywhere on Montgomery's buses.,그 새로운 법에는 흑인들이 몽고메리 시내버스의 어느 자리에나 앉을 수 있다는 내용이 명문화되었다.
"Then when it is full of money, I can buy a new computer!"".","그러면 이것이 돈으로 곽 찼을 때 새 컴퓨터를 살 수 있잖아!"""
Believers in aliens' visits argue that there is historical evidence to support their belief.,외계인의 방문을 믿는 사람들은 그들의 믿음을 뒷받침하는 역사적인 증거가 있다고 주장한다.
Two hikers were walking through the woods when they met a big bear.,두 명의 도보여행자가 숲속을 걷고 있다가 큰 곰을 만났다.
To do that you must have friends.,그러기 위해서는 친구가 있어야 한다.
The Seoul Grand Park is located in Kwach'ǒn just out of Seoul.,서울대공원은 서울 바로 밖인 과천에 위치하고 있다.
Many people who live in Seoul visit the Seoul Grand Park on weekends.,서울에 살고 있는 많은 사람들은 주말에 서울대공원을 방문한다.
"One town in California passed a law that said, ""A driver must stop his car when he sees a horse on the road three hundred feet ahead.""","캘리포니아 주에 있는 한 마을에서는 ""운전자는 도로상에서 300피트 전방에 말이 보일 때 자동차를 세워야 한다""는 법안을 통과시켰다."
"Dear Mr. Jones,",친애하는 존스씨께
It is a very important builing.,그것은 아주 중요한 건물이다.
I will be grateful if you could send me information about the various activities and classes you have scheduled.,계획하신 다양한 활동과 수업에 대한 정보를 보내 주신다면 매우 고맙겠습니다.
Did you know that many discoveries have come from dreams?,당신은 많은 발견이 꿈으로부터 나왔다는 것을 알고 있었는가?
The two men on either side were acting as if they were actually fishing.,양쪽에 앉은 두 명은 마치 자기들이 실제로 낚시를 하고 있는 것처럼 행동하고 있었다.
"They could take control of missile bases and airports, or break into satellite systems.",그들은 미사일 기지나 공항을 통제할 수도 있고 위성시스템에 침입할 수도 있다.
Today we see women wearing them in countries all around the world.,오늘날전 세계의 나라들에서 하이힐을 신는 여자들을 볼 수 있다.
"Some years later, the real murderer was discovered.",몇 년 후 진짜 살인자가 밝혀졌다.
Many of the world's priceless artworks have been damaged or destroyed by warfare.,세계의 귀중한 예술품 중 많은 수가 전쟁에 의해 손상되거나 파괴되었다.
"In Vermont, someone had to walk with a red flag to warn that a car was coming.",버몬트 주에서는 자동차가 오고 있다는 것을 경고하기 위해서 누군가가 빨간 깃발을 들고 걸어다녀야 했다.
"He was surprised to find so few people in the street, but thought that this was because he was so much earlier than usual.",그는 거리에 사람들이 거의 없는 것을 알고 놀랐다. 그러나 이것은 그가 평소보다 훨씬 일찍 나왔기 때문이라고 생각했다.
So small talk helps people decide if they want to get to know each other better.,따라서 가벼운 이야기는 사람들이 서로를 더 잘 알게 되기를 원하는지 여부를 판단하는 데 도움을 준다.
"""How did you manage to become so rich without e-mail and e-commerce?","""이메일이나 전자 상거래 없이 어떻게 부자가 될 수 있었죠?"
"When you look in the mirror, what do you see?","거울을 보실 때, 무엇이 보입니까?"
One group thought of a relaxing scene like a blue sky or a beach.,한 그룹은 푸른 하늘이나 해변 같은 편안한 장면을 생각했다.
This method is called *acupuncture.,이 방법은 침술이라고 불린다.
Strong believers may not even swallow their own saliva.,열렬한 신자들은 침조차 삼키지 않는다.
Wild animals go to sleep and stay asleep all winter.,야생 동물들은 잠자리에 들어 겨울 내내 잠을 잘 것이다.
It's not strange that a 13-year-old child has them.,13살 아이에게 사랑니가 있는 것은 이상한 일이 아니다.
"The invention became a big hit, but it could not be widely used.","그 발명품은 큰 성공을 거두었으나, 널리 사용될 수는 없었다."
husband: My wife lost it in the kitchen.,남편 : 아내가 부엌에서 잃어버렸지.
"Now, an acrobat is walking on a rope.",이제 곡예사가 밧줄을 타고 있다.
The Reason Why Acupuncture Costs Much Money,침술이 많은 비용이 드는 이유
Each hand has five fingers at the end of it.,각 손마다 끝에 5개의 손가락이 있다.
"Usually, Koreans should listen to the speaker through to the end to find the point.",대체로 한국인들은 요점을 파악하려면 말하는 사람에게 끝까지 귀를 기울여야 한다.
"It has been called ""the ashes of death"" since it is mainly produced when garbage is burned.","이것은 주로 쓰레기가 소각될 때 방출되므로 ""죽음의 재""라고 불려왔다."
"Next comes the ""horror"" stage.","다음은 ""호러"" 단계이다."
He hurried to the bus stop.,그는 서둘러 버스 정류장에 갔다.
She works in the office until 5:00 p.m.,그녀는 오후 5시까지 사무실에서 근무한다.
"I'm going to study in ten minutes, Mom.","10 분 후에 공부할게요, 엄마."
"According to the folk tale, a man named Jack tricked the devil into climbing a tree.","민담에 따르면, 잭이라는 사람이 악마를 속여서 나무에 오르도록 했다."
"Friday has also long been considered unlucky, perhaps because Christ died on Friday.","금요일 또한 오랫동안 불길하다고 여겨져 왔는데, 아마도 그리스도가 금요일에 죽었기 때문일 것이다."
I insisted he take a hearing test.,나는 남편에게 청력검사를 받으라고 주장했다.
"As a speaker of these three foreign languages, you can speak to yourself in them.","이 세 외국어의 화자로서, 여러분은 그것들로 자신에게 말할 수 있다."
She could not speak.,그 소녀는 말을 할 수 없었다.
"Learning a foreign language is not only fun, but it is learning to understand its speakers, too.","외국어를 배우는 것은 재미있을 뿐만 아니라, 그것을 말하는 사람을 이해하는 것을 배우는 것이다."
"Fifty years ago, most Americans lived in small communities.",50년 전에 대부분의 미국인들은 작은 공동체 안에서 살았다.
He suggested that on their next birthday the parents give the pessimist the best toy and give the optimist just an empty box.,그는 부모더러 다음 번 생일에 염세주의자 아들에게는 가장 좋은 장난감을 주고 낙천주의자 아들에게는 빈 상자를 줘 보라고 제안했다.
She learned to eat and walk like a wolf.,그 아이는 늑대처럼 먹고 걷는 것을 배웠다.
What this means is that fewer students are using higher education to find out who they are; the sort of human beings they ought to be.,이것은 학생들이 마땅히 되어야 하는 종류의 인간인 그들의 본질을 발견하는 데 그들의 고등 교육을 이용하려는 학생들이 거의 없다는 것을
"Is there no room left for fairy tales, myths, and legends?","동화나 신화, 그리고 전설을 위해 남겨진 공간은 없는가?"
"We must stay at home till mother will home.""","우리는 집에서 엄마가 오실 때까지 기다려야 해.""라고 대답했다."
Inca doctors chewed leaves of the coca plant while they worked.,잉카의 의사들은 치료를 하는 동안 코카 나무잎을 씹었다.
She needs only to finish what she is able to do.,그녀는 자기가 할 수 있는 것만을 끝내면 됩니다.
"More than two hundred years ago, the writer Jonathan Swift lived near a rich old lady's house.","이백여 년 전에, 작가 조나단 스위프트는 한 부유한 노부인의 집 근처에 살고 있었다."
"Almost every time he is at bat, he hits a home run.",그는 칠 때마다 거의 홈런을 친다.
They didn't exist thousands of years ago.,사랑니는 수천 년 전에는 존재하지 않았다.
My uncle went to the hospital to see the doctor.,나의 삼촌은 진찰을 받기 위해서 병원으로 갔다.
"Nowadays, in fact, it is more important than ever.",오늘날은 사실상 그것이 그 어느 때보다도 더 중요하다.
This morning Nam-su had an English calss.,오늘 아침 남수는 영어 수업이 있었다.
"In every school there is a ""top"" crowd that sets the pace, while the others follow their lead.","모든 학교에는 주도적인 ‘상위’그룹이 있는 반면, 그 외 다른 아이들은 그들의 지도력을 따른다."
People bought so much Vitamin C that it soon became hard to find.,"사람들이 비타민 C를 너무 많이 구입해서, 곧 구하기가 어려워질 정도였다."
Now this change is taking place in the Bible as well.,이제 이 변화는 성경에서도 일어나고 있다.
"One day when Swift was busy with his writing, the boy ran into his room.",어느 날 스위프트가 바쁘게 글을 쓰고 있을 때 그 소년이 그의 방으로 뛰어들어 왔다.
At 10:00 Mr. Robinson rings the bell on his desk and Susan goes into his office with the letters.,10시에 Robinson씨는 그의 책상에 있는 종을 울리고 Susan은 편지를 가지고서 그의 사무실 안으로 들어간다.
"In fact, coca has been used for many centuries to kill pain.","사실, 코카잎은 통증을 없애기 위해 수세기 동안 사용되어 왔다."
They are playing with a ball.,그들은 공을 가지고 놀고 있다.
"Since then, these scientists have been sending out radio waves from Earth, expecting aliens to answer our signals.","그 이후로, 이 과학자들은 외계인들이 우리의 신호에 응답하기를 기대하면서, 지구로부터 전파를 내보내고 있다."
Just imagine!,한번 상상해 보라!
I'm a famous actress-a superstar!,전 유명한 여배우-슈퍼스타랍니다!
Coyotes also like to kill calves and lambs on people's farms.,또한 코요테는 사람들의 농장에서 송아지와 양을 잡아먹는 것을 좋아한다.
But sometimes it does not look like the same language.,그러나 때론 그 영어가 같은 언어처럼 보이지 않는다.
This did not mean that the Koreans had especially bad eyesight - they were simply trying to impress their Japanese hosts.,이것은 한국인들이 특별히 시력이 나빴다는 뜻은 아니다. 그들은 그저 일본인 주최측에 깊은 인상을 남기려고 했던 것뿐이었다.
Our money troubles are over!,우리의 돈 걱정은 끝났다!
A baby lived with wolves in India.,한 아기가 인도에서 늑대들과 함께 살았다.
The minister answered by telling a story about a pig and a cow.,목사는 돼지와 소 이야기로 답변을 했다.
"However, there is another type of terrorism that we need to worry about - cyber terrorism.","그러나 우리가 걱정해야 하는 또 다른 유형의 테러가 있는데, 그것은 바로 사이버 테러이다."
Very recently there have been two cases of men released from prison long after it was discovered that they had not committed the murders.,아주 최근에는 자신들이 살인을 저지르지 않았다는 것이 밝혀진후 오랜 감옥생활에서 풀려난 사람들에 관한 사건이 두 건 있었다.
"But there's a problem: the star is 17 light years away from the Earth and it will take 400,000 years to reach.","하지만 문제가 한 가지 있는데, 그것은 그 별이 지구에서 17광년이나 떨어져 있어 거기까지 도달하는 데 40만년이 걸린다는 것이다."
"In the last three years, around 90 people in the U.S. have been frozen.",지난 3년간 미국에서 약 90여 명의 사람들이 냉동되었다.
"Julia said, ""I remember that he was short, and he had black curly hair.",Julia는 “제 기억에 그 사람은 키가 작고 검은색 곱슬머리였어요.
Then he eats it all by himself.,그리고 나서는 혼자 다 먹어 버린다.
"While a man was planting the first grapevine ever, the devil came and asked him what he was doing.",한 남자가 최초의 포도나무를 심고 있을 때 악마가 그에게 다가와서 뭘 하고 있냐고 물었다.
"But those were only small changes, like using ""they"" in the place of ""he,"" when referring to humankind in general.","그러나 그것들은 일반적인 인류를 지칭할 때 ""그 남자"" 대신에 ""그들""을 사용하는 것과 같은 작은 변화일 뿐이었다."
"I have a number of books to read, but I have no time to read them.","저는 읽을 책이 많지만, 저는 그것들을 읽을 시간이 없습니다."
Korean newspapers often carry ads for new and revolutionary methods of learning English.,한국의 신문에는 새롭고 혁명적인 영어 학습 방법에 대한 광고가 종종 보도된다.
"First, so many people in India speak English, which is the main language used on the Internet.","첫째, 인도에서는 매우 많은 사람들이 인터넷에서 사용되는 주요 언어인 영어를 사용한다."
But this is very interesting.,하지만 아주 재미있어요.
"As she departed one afternoon, she left her boss this note:","어느날 오후, 그녀는 퇴근하면서 사장에게 다름과 같은 쪽지를 남겼다."
"The doctor answered, ""You're not drinking enough water.""","의사가 대답했다. “당신은 물을 충분히 마시고 있지 않습니다."""
The day we discover a signal from extraterrestrial intelligence will be a turning point in the history of the world.,우리가 지구 밖의 지능체로부터 온 신호를 발견하는 그 날은 세계 역사에서 하나의 전환점이 될 것이다.
"For Muslims, Ramadan is much more than a yearly custom.",이슬람교도들에게 있어 라마단은 해마다 있는 관습보다 훨씬 더 많은 것을 의미한다.
"I would say, ""Lunch is ready,"" and he would yell, ""What?""","내가 “점심 다 됐어요.""하고 말하면 남편은 “뭐라고요?"" 라며 소리를 지르곤 했다."
"At the same time you can compare our way of thinking with the foreign peoples' ways of thinking, too.",동시에 우리들의 사고 방식과 외국 민족의 사고 방식 역시 비교할 수 있다.
It's the world's most famous drink and one of the symbols of America.,그것은 세계에서 가장 유명한 음료이고 미국을 상징하는 것 중의 하나가 되었다.
The parks are beautiful.,공원들은 아름답다.
"He will meet Su-mi's parents, and friends.",그는 수미의 부모님과 친구들을 만날 것이다.
"Now, it's the lion's turn.",이제 사자의 차례이다.
They do it to mark off their area and to invite female birds to mate.,"그것들은 자신의 영역을 구분하고, 짝을 짓기 위해 암컷 새들을 불러들이려고 노래하는 것이다."
"If I pick the shirt, then the pants are my opportunity cost.",내가 셔츠를 선택한다면 바지가 기회비용이 되는 것이다.
One is that the idea goes back to the Last Supper.,그 중 한가지는 그 생각이 최후의 만찬까지 거슬러 올라간다는 것이다.
"The boss replied, ""Really?""","사장은 대꾸했다, ""정말로요?"""
These gave their owners the look of a highly educated person.,이 안경은 그 주인에게 고등교육을 받은 사람의 인상을 심어주었다.
This shows there are serious problems in the environment.,이것은 환경에 심각한 문제가 있다는 것을 나타낸다.
Today many kinds of international games are played all over the world.,오늘날 많은 종류의 국제적 경기들이 세계 곳곳에서 펼쳐지다.
It could hurt his legs when landing.,착륙할 때는 사용자의 다리를 다치게 할 수도 있다.
Bad weather in Florida means fewer oranges. And that means more expensive orange juice!,"Florida의 나쁜 날씨는 오렌지가 덜 생산된다는 것을 의미하는 것이고, 그것은 값비싼 오렌지 쥬스를 의미하게 된다."
Henry Augustus Rowland was an American scientist who was famous for his modesty.,Henry Augutus Rowland는 겸손함으로 유명한 미국의 과학자였다.
This is because the poorer young have fewer options than middle-class youngsters to go on to college and graduate school and so delay marriag,이는 가난한 젊은이일수록 중산층 젊은이에 비해 대학에 진학해 학업을 마치고 그래서 결혼을 뒤로 미룰 수 있는 선택권이 적기 때문이다.
The rocket backpack is something most of us imagined once or twice when we were young.,배낭 로켓은 우리들 대부분이 어렸을 때 한 두 번 상상해 봤던 것이다.
It's a nice city.,그것은 멋진 도시이다.
Most of the frozen people were suffering from incurable diseases when they died.,대부분의 냉동된 사람들은 죽을 때 불치병을 앓고 있었다.
"With only $10 in his wallet, the man didn't know what to do.",지갑에 겨우 10달러밖에 없었던 그는 무엇을 해야 할지 몰랐다.
She hates to do that.,그녀는 그것을 하는 것을 싫어한다.
"Not all plants have big, beautiful flowers, but all flowers have the same job.","모든 식물들이 크고 아름다운 꽃을 피우지는 않지만, 모든 꽃들은 같은 일을 한다."
"They were shot by her son in the field this morning.""","그것들은 오늘 아침에 들에서 그분의 아드님이 사냥하신 거예요.""라고 말했다."
We will have flowers. The trees will become green again.,꽃이 필 것이고 나무는 다시 초록색으로 물들 것이다.
This shows that even the Bible cannot go against the general trend toward the equality of the sexes.,이것은 성경조차도 성 평등을 지향하는 일반적 추세를 거스를 수 없다는 것을 보여준다.
My family will spend more time outdoors.,우리 가족은 더 많은 시간을 바깥에서 보낼 것이다.
A policeman stopped when he saw what was going on.,한 경찰관이 벌어지고 있는 일을 보고서 멈춰 섰다.
In this world you will have to make your own way.,이 세상에서 너는 스스로의 노력으로 살아가야 할 것이다.
He had difficulty reading when young.,그는 어렸을 때 읽는 데에 어려움이 있었다.
"The parents followed what the counselor had said and carefully observed the boys, expecting their sons would change.","부모는 상담원의 말을 따랐고, 아들들이 변화하길 기대하면서 아이들을 주의 깊게 관찰했다."
But they are alive.,그러나 그것은 살아 있다.
You begin to complain about the life and values of the people.,사람들의 생활과 가치관에 대해 불평하기 시작한다.
"Many people believe that Friday the 13th is an unlucky day, that the 13th floor of a building is unlucky and that the number 13 in general is","많은 사람들이 13일의 금요일은 불길한 날이고, 건물의 13층도 불길한 층이며, 13이란 숫자는 대체로 불길하다고 생각한다."
"And he would respond by yelling, ""DON'T SCREAM AT ME!""","그러면 남편은 “나한테 소리지르지 마요!"" 라고 외치면서 대답했다."
"When I got married, I quit smoking and took up running.","나는 결혼을 했을때, 담배를 끊고 달리기를 시작했다."
Sometimes the patients were able to walk out of the hospital right after the operations.,때때로 환자들은 수술 직후에 병원에서 걸어나갈 수 있었다.
She worked on a farm.,그녀는 농장에서 일했다.
The next morning the alarm rang and woke the student.,그 다음날 아침 자명종 시계가 울려 그 학생을 깨웠다.
"When the man replied that he didn't use e-mail or the Internet, the banker was very surprised.","그가 자신은 이메일이나 인터넷을 사용하지 않는다고 대답했을 때, 은행원은 매우 놀랐다."
And the public will react variously to the news.,그리고 일반대중들은 그 소식에 다양하게 반응할 것이다.
John couldn't do his homework because he had to visit his grandmother in the hospital.,John은 병원에 계신 할머니를 뵈어야 했기에 숙제를 할 수 없었다.
"In parts of China, groundwater levels are falling by as much as one meter per year.",중국의 몇몇 지역에서는 지하수 수위가 매년 1미터씩이나 내려가고 있다.
Some workers like it because their working hours become more flexible.,일부 근로자들은 근무 시간이 좀 더 자유로워지기 때문에 이것을 선호한다.
They can go inside things.,세균은 물질 안에 들어갈 수 있다.
"Suddenly, taking Vitamin C became a craze.",갑자기 비타민 C를 섭취하는 게 큰 유행이 되었다.
"One day Ned heard some girls saying, ""We don't like to sit near Ben.""","어느날, Ned는 몇몇 여자 아이들이 “우리는 Ben의 옆에 않은 것이 싫어.""라고 말하는 것을 들었다."
He carries a dictionary with him and tries to learn new words every day.,그는 매일 사전을 가지고 다니며 새로운 단어들을 배우려고 노력한다.
I just wanted you to know how proud I am of Bobby.,저는 당신들게 제가 얼마나 보비를 자랑스럽게 여기는지 알려드리고 싶을 따름입니다.
"Then you will be able to choose the colors, shapes and other design features that you want.","그러면, 당신은 원하는 색깔과 형태, 다른 디자인 요소를 선택할 수 있게 된다."
She was arrested by the police.,그녀는 경찰에 체포되었다.
"Searching through row upon row of Christmas trees, my husband and I picked one we liked.",여러 줄로 세워져 있는 크리스마스 트리 사이를 뒤지며 찾다가 남편과 나는 마음에 드는 나무 한 그루를 골랐다.
Let me give you another example.,다른 예를 들어보자.
They may succeed by the year 2030.,그들은 아마 2030년까지는 성공할 것이다.
Now you begin to look back and laugh at your mistakes in the earlier stages.,이제 뒤를 돌아보고 그 이전 단계 때의 자신의 실수들에 대해 웃음짓기 시작한다.
He usually gets up early and goes to work.,그는 언제나 아침 일찍 일어나서 일하러 간다.
"""The cow said, 'Perhaps it's because I give while I'm still living.'""","""소는 '아마 그건 나는 살아있을 때 주기 때문일 거야.'라고 말했습니다."""
"Not long ago, a television reporter asked some children what their dreams were.",얼마전 한 텔레비전 기자가 몇 명의 어린이들에게 그들의 꿈이 무엇이냐고 물었다.
"They know that these birds often fly above dead animals, so finding them can lead to a free meal.",그들은 이 새들이 종종 죽은 동물들 위를 난다는 것을 알기 때문에 그 새들을 찾으면 공짜 먹이를 얻을 수 있다.
These behaviors may weaken the group work environment and decrease productivity.,이런 행위들은 단체 근로환경을 약화시키고 생산성을 떨어뜨릴 수 있다.
People with IAS feel depressed if they aren't allowed to use their computer.,IAS에 걸린 사람들은 컴퓨터를 사용하는 것이 허용되지 않으면 우울해 한다.
So English is used by many people.,그래서 영어가 많은 사람들에 의해 사용되어진다.
"Then Peter put his hand in his pocket and said, 'I've left the key of out room downstairs in my coat.""","그때 Peter가 호주머니에 손을 넣고 “우리방 열쇠를 아래층 내 코트에 넣어두었구나.""라고 말했다."
He thought that the two Cs would look good in advertising.,그는 그 두 개의 C자가 광고할 때 좋게 보이리라 생각했다.
"To meet people's needs, governments have used up much of their groundwater.","사람들의 욕구를 충족시키기 위해, 정부는 많은 양의 지하수를 거의 다 써버렸다."
This makes it harder for female polar bears to have babies.,이렇게 되면 암컷 북극곰들은 새끼를 갖기가 더 어려워진다.
This puzzled the pig.,이것이 돼지를 당혹하게 만들었죠.
They didn't do their homework and now she can't teach the lesson she planned.,학생들이 숙제를 해 오지 않아서 지금 그녀는 그녀가 계획했던 것을 강의할 수가 없다.
How are you?,안녕!
Susie was a young gril.,Susie는 어린 소녀였다.
What are you going to watch next?,그 다음에는 무엇을 볼 것인가?
You can go into the world of the past.,당신은 과거의 세계로 갈 수 있다.
They are going to go to the park by the side of Lake Ch'unch'on.,그들은 춘천호 옆의 공원에 가려고 한다.
So I didn't like the idea of my son becoming a cook.,그래서인지 요리사가 되겠다는 아들의 생각이 마음에 들지 않았어요.
"""Oh, nothing much.","""음, 그리 많지 않소."
"Everyone answered, ""Yes.""","모두 대답했다, ""네."""
People write me letters about robins that spend their days fluttering against windows.,사람들은 창문에서 퍼덕거리며 세월을 보내는 울새에 대해 나에게 편지를 쓴다.
People can do anything they want to do in their free time.,사람들은 여가 시간에 하고 싶은 것을 할 수 있다.
It is Sunday.,일요일이다.
"By the 1890s, however, people started wearing more simple and accurate Western-style eyeglasses.","그러나, 1890년대엔 이미 사람들이 좀 더 단순하고 정밀한 서양식 안경을 쓰기 시작했다."
"If students can get someone to take their place, hey get the holiday.","만약에 학생들이 누군가가 자신의 자리를 대신하게 할 수 있다면, 그들은 휴일을 얻는다."
The pumpkin looks like a face and has a candle burning inside it.,그 호박은 사람의 얼굴처럼 생겼고 그 안에는 초가 타고 있다.
Judy and Betty are sisters.,Judy와 Betty는 자매이다.
"Hi, my fans. My name's Diana Rich.","안녕하세요, 여러분. 제 이름은 Diana Rich입니다."
"In Theater U-ju, we are playing 'Bear' and 'Star Wars'.",우주 극장에서는 ’베어‘와 ’스타워즈‘를 상영할 것입니다.
"After just a few weeks' use, you'll be looking in the mirror and loving what you see. And you won't just be dreaming.",몇주간 사용하신후에 거울을 보면 당신의 모습이 마음에 드실겁니다. 당신은 꿈을 꾸고 있는 것이 아닐 겁니다.
"By using this method, doctors can operate freely without giving pain to their patients.",이 방법을 사용하여 의사들은 환자들에게 통증을 주지 않고 마음놓고 수술할 수 있다.
White horses are coming into the ring.,백마들이 원형무대 안으로 들어오고 있다.
Society teaches children to act like males or females at a young age.,사회는 아이들에게 남성 또는 여성답게 행동하도록 어린 시절부터 가르친다.
"""The main reason we can't grow enough food,"" he adds, ""is because there isn't enough water.""","""우리가 충분한 식량을 재배할 수 없는 주된 이유는 충분한 물이 없기 때문입니다."" 그는 덧붙여 말한다."
I have a new nice car and a lot of money in the bank.,전 신종의 좋은 차와 은행에 많은 돈을 가지고 있습니다.
A girl is standing on the back of the first horse.,소녀 하나가 첫 번째 말 등에 서 있다.
"Research on rats shows that when animals live in crowded conditions, they live disorderly, violent lives.",동물들이 혼잡한 상태에서 살게되면 난잡하고 난폭한 생활을 한다는 것이 쥐에 대한 실험에서 밝혀졌다.
"No one seems to know exactly why this came to be so, but there are many possible explanations. ","왜 그렇게 되었는지 정확히 아는 사람은 아무도 없는 것 같지만, 가능한 설명들은 많이 있다."
"They also learned to understand one's words by watching his face, especially his lips.",그들은 또한 사람의 얼굴 특히 입술을 관찰함으로써 사람의 말을 이해하는 것을 배웠다.
"While he was waiting for a bus, he saw a little dog going across the street.",그가 버스를 기다리는 동안 그는 강아지 한 마리가 길을 건너가고 있는 것을 보았다.
Why?,왜 그럴까?
A : Stop watching TV.,A : TV 그만 보거라.
"For example, coyotes will search the sky for vultures flying in circles.","예를 들면, 코요테는 원을 그리며 하늘을 날고있는 독수리를 찾아다닐 것이다."
"At the meal were 13 people, including Jesus Christ, and Judas was thought to be the 13th guest.","그 만찬에는 예수 그리스도를 포함해서 13명의 사람이 있었는데, 유다가 13번째 손님인 것으로 생각되었다."
My sister Betty is waiting for me.,동생 Betty가 나를 기다리고 있는 중이야.
"During a clear day it is very blue, and on a rainy day it is gray.",맑은 날에는 매우 푸르다. 그리고 비오는 날에는 회색이 된다.
"Because quite a few voters decide who to vote for by the way the different candidates speak, dress and act.",왜냐하면 왜 많은 유권자들이 누구에게 찬성표를 던질 것인가를 여러 후보자들이 말하고 옷을 입고 행동하는 방식을 토대로 결정하기 때문이
When baby birds are born they naturally follow the first large thing they see.,새끼새가 태어나면 그들은 천성적으로 그들이 보는 가장 첫번째의 큰 물체를 따라다닌다.
"After that, they sit down to a meal, and they start to eat at the same time, saying ""Bismillah,"" or ""in the name of God.""","그리고나서 그들은 식사를 하기위해 자리에 앉고 “Bismillah""즉 ""신의 이름으로“라고 말하며 일제히 식사를 시작한다."
"Saturday, November 11, Fine.","11월 11일, 토요일, 맑음."
The sun keeps you from seeing the moon and stars.,해는 달과 별을 보지 못하게 된다.
These molars are called wisdom teeth.,이 어금니들은 사랑니라고 불린다.
This is often more effective than dieting.,이것은 종종 다이어트보다 훨씬 효과적이다.
"However, the practice also has disadvantages.","그러나, 그 관행에는 단점도 있다."
They pretended that they were holding fishing rods and waiting for the fish to bite.,그들은 낚싯대를 잡고 물고기가 물기를 기다리고 있는 시늉을 하였다.
Ninety percent of all countries have official organizations to improve the lives of women.,90%의 국가가 여성의 삶을 향상시키기 위한 공식 기관을 가지고 있다.
"Horses were considered much more valuable than human actors too, and they were treated better.","말들 또한 배우들보다 훨씬 더 소중하게 여겨져서, 더 좋은 대우를 받았다."
"The press will be serious in their reporting about aliens, while television will show all kinds of science-fiction movies.","언론은 외계인에 대한 보도를 할 때 진지할 것이고, 동시에 TV에서는 모든 종류의 공상 과학 영화를 방영할 것이다."
"""Thinking of a beautiful beach, however, makes them relaxed and peaceful.""","""하지만 아름다운 해변을 생각하는 것은 사람들을 더 편안하고 평화롭게 만듭니다."
"Within two hours, he had sold all the tomatoes at 100% profit.",2시간만에 그는 100%의 이윤을 남기고 토마토를 전부 팔아치웠다.
"The boy said, ""Come in.""","소년이 ""들어와요.""라고 말했다."
Don't be afraid of making mistakes while you are speaking.,말하는 동안 실수하는 것에 대해 두려워하지 말라.
Then the people who follow the lead are endangering their very lives.,그렇게 되면 주도 세력을 따르는 사람들은 바로 자신들의 생명을 위험에 빠뜨리고 있는 것이다.
"Recently, psychologists studied this question and found that the man in the house has his finger on the button for 80% of the time, then the","최근에, 심리학자들은 이 문제를 연구하고, 그 집의 가장이 80%의 시간 동안 리모콘 버튼에 손가락을 올려놓고 있고, 그 다음으로 첫"
You and your family are relaxing after a hard day's work.,힘든 하루의 일을 마치고 당신과 가족들이 쉬고 있다.
A Growing Interest in a New Medicine,새로운 의술에 대해 증가하는 관심
Just a small amount of it can cause deadly harm.,아주 소량의 다이옥신이 치명적인 피해를 일으킬 수 있다.
"The whole world was shocked when the World Trade Center towers in New York City were attacked by terrorists on September 11th, 2001.","2001년 9월 11일, 뉴욕의 세계무역센터 건물이 테러리스트들의 공격을 받았을 때 전세계는 경악했다."
The statues on Easter Island are so giant that some people insist that they were carved by aliens using high technology.,이스터 섬의 석상들은 너무 거대해서 어떤 사람들은 그것들이 고도의 기술을 사용하는 외계인들에 의해 조각되었다고 주장한다.
"In the early days of the automobile, many people did not think very highly of it.","자동차 초창기에, 많은 사람들은 그것을 대단하게 생각하지 않았다."
Other ads are about soap for washing cars.,다른 광고들은 세차에 필요한 세제들을 보여준다.
God only knows what great talents have been wasted because women have not been given the chance to prove themselves.,여성들에게 자신들을 입증해 보일 기회가 주어지지 않았기 때문에 얼마나 많은 재능이 낭비되었는 가를 신만은 알고 계신다.
"Other crazes in Korea include DDR, piercings, hair-dyeing and PC rooms.","한국에서의 또 다른 유행에는 DDR, 피어싱, 머리 염색, PC방 등이 포함된다."
My father is running with So-ra.,아버지는 So-ra와 함께 달리기를 하고 있다.
Did you know that this device had been invented long ago?,이러한 기구가 오래 전에 발명되었다는 것을 알고 있었는가?
"The boy answered, ""Thank you, my boy.","소년이 대답했다, ""고맙다, 얘야."
Dirt is full of germs but they are too small to see without a microscope.,먼지에는 세균이 가득 차 있지만 그것은 너무 작아서 현미경 없이 볼 수 없다.
First it gets into plants that grow near chemical factories and smokestacks.,먼저 다이옥신은 화학공장이나 굴뚝 근처에서 자라는 식물 속으로 들어간다.
"At the 1970 World Cup matches in Mexico, red and yellow cards were used for the first time by FIFA.","1970년 멕시코에서 열린 월드컵 대회에서, 레드 카드와 옐로우 카드가 FIFA에 의해 최초로 사용되었다."
"Candler had lots of ideas on how to sell the drink - giving people Coca-Cola calendars, clocks and coupons.","캔들러는 그 음료를 판매하는 방법 - 사람들에게 코카콜라 달력과 시계, 쿠폰을 주는 것과 같은 - 에 대한 아이디어가 많았다."
"One of the greatest tragedies of war, apart from the loss of human life, is the loss of people's creations, their artworks.","인명의 손실을 제외하고서라도, 전쟁의 가장 큰 비극중의 하나는 사람의 창조물 다시말하면 예술품의 손실이다."
Today people don't have room for them in their jaws.,오늘날에는 사람들의 턱 안에 사랑니를 위한 공간이 없다
Mike: All right.,Mike: 좋아.
I am nine years old.,나는 9살이다.
"On the other hand, it took a little longer than normal for those who counted sheep to fall asleep.","반면에, 양을 셌던 사람들은 일반적인 경우보다 잠드는 데 시간이 약간 더 걸렸다."
"""I wouldn't worry,"" he replied.",그러자 남편은 “나라면 걱정하지 않겠소.
"When you are not happy, a book can give you a chance for a happy life.","당신이 행복하지 않을 때, 한 권의 책은 행복한 삶을 위한 기회를 줄 수 있다."
"Children's minds have more information than before, but is more information good for them?","어린이들의 정신에는 전보다 더 많은 정보가 들어있지만, 더 많은 정보가 과연 그들에게 좋은 것인가?"
The boycott ended 382 days after it had begun.,보이코트는 시작된 지 382일이 지나 끝이 났다.
At last I caught the bird and put it in the cage.,마침내 그 새를 잡아서 새장 안에 넣었다.
In the same way you can learn to speak only by speaking.,같은 방식으로 말함으로써만 말하기를 배울 수 있다.
"One child answered, ""My dream is to go to a very good school.""","한 어린이가 ""제 꿈은 아주 좋은 학교에 들어가는 것입니다.""라고 대답했다."
The American dream will become only a dream.,미국의 이상은 단지 꿈에 불과하게 될것이다.
It offers all kinds of programs to train workers in the use of computers.,인도 정부는 컴퓨터 사용에 있어서 근로자들을 훈련시키는 온갖 종류의 프로그램을 제공하고 있다.
"Often the frames were made of real gold, and the lenses were made of special crystal.","종종 안경테는 진짜 금으로 만들어졌고, 렌즈는 특수한 수정으로 만들어졌다."
One of them took off her hiking boots and began to put on a pair of running shoes she had pulled from her bag.,그들 중의 한 사람이 등산장화를 벗고 그녀의 가방에서 꺼낸 러닝화 한 켤레를 신기 시작했다.
He left without leaving his name.,그는 자기 이름도 남기지 않고 떠났다.
"Interestingly, someone who has never used a computer before is more likely to catch IAS.","흥미롭게도, 이전에 한번도 컴퓨터를 사용한 적이 없는 사람이 IAS에 걸리기가 더 쉽다."
My wife and I do the housework together.,내 아내와 나는 집안 일을 같이 한다.
"The topic may not be very important, but small talk itself is important.","주제는 그다지 중요하지 않을 수 있지만, 가벼운 대화 그 자체는 중요하다."
Their mother isn't going to go there with them.,그들의 어머니는 거기에 가지 않을 것이다.
"He warned the player, ""If you break the rules one more time, you will be out.""","그는 그 선수에게 ""다시 한번 더 규칙을 어긴다면, 퇴장당할 것이다""라고 경고하였다."
"For decades, Jay Hans hid a painful secret as he made his machine and tool company into a big business group.",수십 년 동안 Jay Hans는 그의 기계공구 회사를 거대한 기업으로 만들면서 하나의 고통스러운 비밀을 숨기고 있었다.
"""I'll study engineering here some day,"" I said to myself.","“난 언젠가 여기에서 공학을 공부할꺼야.""라고 마음속으로 생각했다."
"Television ads show soap for washing people, too.",TV광고는 또한 사람들이 씻는데 필요한 세제들도 보여준다.
"But I knew my parents would not approve, so I had to introduce them slowly to the idea.",그러나 부모님께서 허락하시지 않을 것을 알고 있었죠. 그래서 저는 그분들께 제 생각을 천천히 말씀드려야 했어요.  
Sports help us when we understand people of other countries and keep the peace of the world.,스포츠는 우리가 다른 나라 국민들을 이해하고 세계의 평화를 유지할 때 도움을 준다.
A woman in a small red sports car was driving very quickly down Elm Street.,작은 빨간색 스포츠카를 탄 여자가 Elm 거리를 매우 빠르게 몰고 있었다.
This kind of food is knowledge.,이런 종류의 음식은 지식이다.
"I'd also like to know about the rooms and meals, and, of course, the prices.","또한 숙박과 식사, 그리고 물론 가격에 대해서도 알고 싶습니다."
"Wendell Moore wanted to fly with a rocket on his back, so he invented one in 1953.","Wendell Moore는 로켓을 등에 메고 날고 싶어했고, 1953년에 배낭 로켓을 발명했다."
"Su-mi's friend, Tom will come from America to Korea tomorrow.","수미의 친구, 톰은 내일 미국에서 한국으로 올 것이다."
It's a great way to find out what life is like in other parts of the world!,이것은 세계의 다른 지역에서의 삶이 어떤지 알아내는 훌륭한 방법이다.
Ramadan is the ninth month of the Muslim lunar calendar.,라마단은 이슬람교의 음력 9번째 달이다.
They were two nice cameras.,그것들은 2개의 좋은 사진기였다.
Humans are no exception.,사람들도 예외는 아니다.
"In other words, whose finger is on the remote control button?","다시 말해서, 누구의 손가락이 리모콘 버튼 위에 있는가?"
The custom of making Jack-O-Lanterns first began with the Irish.,Jack-O-Lantern을 만드는 풍습은 아일랜드인들이 처음 시작했다.
"Between 1910 and 1990, water use increased by almost 500 percent in Europe, 300 percent in Africa, and more than 100 percent in North America","1950년과 1990년 사이에, 물 사용량은 유럽에서는 거의 500% 가량, 아프리카에서는 300%, 북아메리카와 남아메리카에서는 1"
So employers always consider teamwork when they judge a worker's performance.,그래서 고용주들이 근로자의 수행능력을 판단할 때 언제나 팀워크를 고려한다.
"Also, he spoke very slowly in an accent.""","또 사투리로 느리게 말했어요.""라고 말했다."
Do we have the right to use animals this way?,우리가 이런 방법으로 동물을 이용할 권리가 있는가?
They also must be able to motivate themselves to work without anyone watching them.,또한 그들은 지켜보는 사람 없이도 일을 하도록 스스로 동기부여를 할 수 있어야만 한다.
"A rich man asked his minister, ""Why do people call me stingy when they know I'm going to leave everything I have to the church when I die?""","어떤 부자가 목사에게 물었다. ""왜 사람들은 내가 죽으면 내가 가진 모든 것을 교회에 남길 거라는 것을 알면서도 나를 보고 인색하다고"
"If cows, chickens, or pigs eat these plants, they will also be affected.","소나 닭, 또는 돼지가 이런 식물들을 먹으면 그것들도 영향을 받는다."
B : When is it?,B : 언제이지요?
"In the fall of 1920, a man found the girl.",1920년 가을에 어떤 사람이 그 소녀를 발견했다.
"They define themselves according to external things--money, power, status--and choose courses that will get them these things.","그들은 돈, 권력, 지위등과 같은 외적인 것들에 따라 자신들을 규정짓고 이런 것들을 그들에게 가져다줄 과목들을 선택한다."
"But Mr. Lincoln said, ""Our boys are fighting in battle, but we can't help them.","그러나 Lincoln은 “우리의 아이들은 전쟁터에서 싸우고 있지만, 우리는 그들을 도울 수 없습니다."
"In some parts of the world, old customs and prejudices still prevail and women are still considered second-rate.","세계의 어떤 지역에서는 옛 관습과 편견이 여전히 지배하고 있고, 여성들은 여전히 2류로 간주된다."
It rose high into the sky.,그것은 하늘 높이 솟아 있었다.
Polar bears are in danger because the Arctic sea ice has been melting earlier in the spring than usual.,북극의 바다얼음이 평소보다 더 이른 봄에 녹고있기 때문에 북극곰들이 위험에 처해 있다.
"Women make up 50 percent of the world's population, but in nearly 66 percent of all working hours, the work is done by women.",여성은 세계인구의 절반을 차지하지만 총 근로시간의 거의 66%을 여성이 일하고 있다.
"Later, Mr. Lincoln held an important meeting in his office.","후에, Lincoln은 사무실에서 중요한 회의를 개최했다."
They avoid saying 'no' by remaining silent or changing the topic.,그들은 조용히 있거나 화제를 바꿈으로써 ‘아니오’라고 말하는 것을 피한다.
"Instead of following every new craze, maybe people should learn to choose their own interests and tastes. ","모든 새로운 유행을 따르는 것 대신에, 사람들은 그들 자신의 관심과 취향에 맞는 걸 선택하는 법을 배워야 할 것이다."
That is why there are a great many accidents.,그것은 사고가 많이 일어나는 이유이다.
"Finally, job opportunities in the IT industry are open to everyone in India regardless of the country's class system.","마지막으로, IT 산업 분야에서의 취업 기회가 인도의 계급 제도와 상관없이 모든 사람에게 열려 있다."
"""Look,"" said one of them who was sitting by a window.",그들 중 창가에 앉아 있던 한 사람이 말했다.
What you cannot see in the daytime is the moon and other stars.,낮에 볼 수 없는 것은 달과 다른 별들이다.
I'll do that in five minutes.,5분 후에 그렇게 할게요.
"French soldiers, discovering the painting, scratched and threw stones at it.","프랑스 군인들은 그 그림을 발견한 뒤 할퀴고, 돌을 던졌다."
A man in a large green truck was driving along Central Avenue very slowly.,큰 녹색 트럭을 탄 한 남자가 Central 거리를 따라 매우 천천히 몰고 있었다.
Others found that it was too noisy and too dangerous.,다른 사람들은 자동차가 너무 소음이 심하고 위험하다고 생각했다.
"Unfortunately, some people took Francis Galton seriously.","불행하게도, 일부 사람들은 Francis Galton의 이론을 심각하게 받아 들였다."
She could only cry like a wolf.,그 소녀는 단지 늑대처럼 울부짖을 수 있을 뿐이었다.
This is Washington.,이곳은 Washington이다.
They neglect their work and their health becomes bad.,그들은 일을 소홀히 하고 건강이 나빠진다.
"This television conflict is part of a bigger power game which goes on in homes, even though most of the players don't realize that they are p","이러한 TV 쟁탈전은, 비록 대부분의 사람들이 자신이 게임을 하고 있다는 것을 전혀 깨닫지 못하지만, 많은 가정에서 계속되고 있는 더"
"Later, French men's shoes returned to their normal height, but women continued to wear high heels.","훗날, 프랑스 남자들의 신발은 정상적인 높이로 돌아왔지만 여성들은 계속 하이힐을 신었다."
"They have the strength to pull the tree right out of the ground, but their 'belief system' tells them that strings keep them bound.  ","그들은 나무를 땅에서 바로 뽑아낼 힘을 가지고 있지만, 결코 그것을 끊지 않는다! 그들의 '신념 체계'가 줄이 그들을 묶어두고 있다고"
"""Those people down there are so small-they look like ants.""","“봐, 저기 아래에 있는 사람들이 굉장히 작아, 개미처럼 보여."""
In a few more weeks people won't look sad any more.,몇 주 후에는 사람들이 더 이상 슬퍼 보이지 않을 것이다.
Three men were sitting on a park bench.,세 명의 남자가 공원 벤치에 앉아있었다.
Some doctors in London say a little humor each day can be good medicine for depression.,런던의 어떤 의사들은 매일 약간씩의 유머가 우울증에 좋은 약이 될 수 있다고 말한다.
Can you go to the supermarket for me?,나를 위해서 슈퍼마켓 가 주겠니?
Tomorrow I'm going fishing.,내일 나는 낚시를 갈 예정이야.
How do they know?,그들은 어떻게 알까?
The park is by the Han River.,그 공원은 한강 옆에 있다.
"When school was over, Jack asked me to play tennis with him.","학교가 파했을 때, Jack은 나에게 그와 함께 테니스를 치자고 했다."
"Other people may have blue, gray, or green eyes.","다른 사람들은 푸른색, 회색 또는 녹색 눈동자를 갖고 있을 수도 있다."
"He would bring legal matters to me and say, 'You're better at law than me,"" said Jack Sala, now the engineering manager for the company.",그는 내게 법률적인 문제를 가지고 와서는 ‘당신이 나보다 법을 더 잘 알잖아.’라고 현재 그 회사의 기술 이사인 Jack Sala가
(C) The job is to make seeds.,(C) 그 일은 종사자를 만드는 것이다.
"""She just ran over and snatched ours.""","그 여자가 방금 달려가서 우리가 골랐던 나무를 낚아챘거든."" 하고 대답했다."
"Bad policies, too much water use, and pollution are threatening our world's water supply.","잘못된 정책, 지나친 물 사용, 그리고 오염이 세계의 물 공급을 위협하고 있다."
Have they gone crazy?,그것들은 미쳤단 말인가?
"""All I have to worry about is running faster than you.""","“내가 걱정해야만 하는 것은 오직 너보다 빨리 달리는 것이야."""
"5. the way in which the form of a word changes, showing its relationship to other words in a sentence: case endings.",5. 문장속의 다른 단어와의 관계를 나타내는 단어 형태의 변화 : 격의 변화
My family is at the park.,우리 가족은 공원에 있다.
"After a while the juice will turn into a drink that will make People happy.""","얼마 안 있어 그 주스는 사람들을 기분 좋게 해주는 음료로 변할 것이오.""라고 대답했다."
Many people are enjoying this Sunday afternoon here.,많은 사람들이 여기에서 일요일 오후를 즐기고 있다.
'People think you are generous because you give them milk and cream each day.,'사람들은 네가 매일 그들에게 우유와 크림을 주니까 널 후하다고 생각하지.
She is holding an umbrella over her head.,그녀는 머리 위에 우산을 들고 있다.
"Swift received her presents gladly, but he never gave the boy anything for bringing them.",스위프트는 그녀의 선물을 기꺼이 받았지만 그 소년에게는 선물을 가져다 준 대가로 아무 것도 준 적이 없었다.
Different people will make different answers.,서로 다른 사람들은 서로 다른 대답을 할 것입니다.
They give a direct answer to the question and go on to tell about it.,그들은 질문에 직접적인 대답을 하고 그에 관해 계속 이야기한다.
"""I'm not thinking about the bear,"" the other hiker answered.","“난 곰을 생각하고 있는 게 아니야."" 다른 도보여행자가 대답했다."
There are four stages to culture shock.,문화충격에는 네 단계가 있다.
But the star with the most popular hairdo was English captain David Beckham.,그러나 가장 인기 있는 헤어스타일을 했던 스타는 잉글랜드의 주장 데이비드 베컴이었다.
"English people eat fish for breakfast, but Americans prefer hot cakes and cold cereals.",영국인들은 아침식사로 생선을 먹지만 미국인들은 핫케이크와 차가운 시리얼을 좋아한다.
"Harry and Jane wanted to play with them, but the boys did not want to, because Harry and Jane were younger than they.","Harry와 Jane은 그들과 놀고 싶었지만, 그 남자 아이들은 그렇게 하고 싶지 않았다. 왜냐하면 Harry와 Jane은 그 남자"
"""Yes, sir!"" the man answered as he began to row away quickly.","""예, 알겠습니다!""라고 대답하고, 그는 재빨리 노를 저어가기 시작했다."
George helps his team win many games.,George는 많은 경기에서 그의 팀이 이기는 데 도움을 준다.
"""Do you have the time?""",그 남자는 은행을 나오면서 말했다.
"For example, ""a man"" will be changed to ""a person"" and ""brothers""will become ""brothers and sisters.""","예를 들어, ""남자""는 ""사람""으로 바뀔 것이고, ""형제들""은 ""형제자매들""이 될 것이다."
"For this reason, many businesses use pleasant smells to sell their products.",이런 이유로 많은 사업체에서는 자신들의 제품을 팔기 위해 좋은 냄새를 사용한다.
"By the age of 13, most people have 28 teeth, including two sets of molars.","13세가 되면, 대부분의 사람들은 두 세트의 어금니를 포함해서 28개의 치아를 갖는다."
"The traffic signal doesn't speak any language, yet everyone understands its meaning.","교통 신호등은 어떤 언어도 사용하지 않지만, 모든 이들이 그 의미를 이해한다."
"Water pollution is another serious problem, especially for the one billion people living without clean water.",수질 오염은 특히 깨끗한 물이 없이 살고 있는 10억 인구에게 또 하나의 심각한 문제이다.
"But Rattin didn't understand English, so he couldn't understand what the referee was saying.","그러나 Rattin은 영어를 이해하지 못했기에, 심판이 말하는 것을 알아들을 수 없었다."
George is the best baseball player on his team.,George는 그의 팀에서 최고의 야구 선수다.
"You know, it's a big holiday in Korea.",알다시피 그 날은 한국의 큰 명절이야.
"However, in the future, customization - making products exactly according to each buyer's taste - will be very popular. Using your computer,",하지만 미래에는 맞춤 제작 - 각 구매자의 취향에 딱 맞게 상품을 제작하는 것 - 이 매우 대중화될 것이다. 컴퓨터를 이용하면 당신은
"Yu-mi: I'm doing my math homework. It's very difficult. Please, help me.",유미: 나는 수학 숙제를 하는 중이야. 그게 너무 어려워. 좀 도와줘.
Imagine putting a needle into your body to stop pain.,통증을 멈추기 위해 당신의 몸에 바늘을 꽂는 것을 상상해 보라.
"Also, they are expected to talk only about pleasant subjects while eating, and never to introduce a sad experience into the conversation.","또한 그들은 식사중에는 즐거운 주제에 대해서만 이야기하고, 절대로 슬픈 경험을 대화로 끌어들여서는 안 되는 것으로 여긴다."
"""I was working for him.",“나는 그를 위해 일을 하고 있었죠.
"The world is becoming more realistic, and unless the children of this and future generations develop their imaginations, our world will be fu","세상은 점점 더 현실적으로 되어가고 있고, 만약에 현재와 미래 세대의 어린이들이 그들의 상상력을 개발하지 않는다면, 우리의 세상은 로"
"""How's it going?"" asked the city man.","""어떻게 지내십니까?"" 도시에 사는 사람이 물었다."
"The main advantage, of course, is that workers save time and money by not having to travel to the office every day.","물론, 그 주된 장점은 근로자들이 사무실로 매일 출퇴근할 필요가 없으므로 시간과 비용을 절약할 수 있다는 것이다."
"My daughter Judy, who works for a plumbing company, found herself in need of a plumber at home.",배관 수리회사에 근무하는 내딸 Judy는 집에 배관공을 불러야 한다는 것을 알았다.
"One day when Peter and Bill came back to the hotel, they found that the elevators were out of order.",어느날 peter와 Bill이 호텔에 돌아왔을 떄 그들은 엘리베이터가 고장난 것을 알았다.
"""Supplies cannot keep up with rising demand,"" says Mark Rosegrant, a water expert.","""공급이 증가하는 수요를 따라 잡을 수가 없습니다."" 라고 수자원 전문가인 Mark Rosegrant는 말한다."
Why?,왜일까?
His life was changed because he hurt his leg in high school.,고등학교 때 다리를 다쳤기 때문에 그의 삶은 바뀌었다.
People feel little pain when they come in.,사랑니가 날 때 사람들은 고통을 거의 느끼지 않는다.
"Without hesitation, Rowland answered, ""I am.""","주저함이 없이, Rowland는 ""접니다.""라고 대답했다."
We can either go to the movies or go shopping.,우리는 영화를 보러갈 수도 있고 쇼핑하러 갈 수도 있다.
"One night in 1865, he had a strange dream.",1865년 어느날 밤에 그는 이상한 꿈을 꾸었다.
"By carefully watching mammals like dogs, cats, cows, horses, giraffes and monkeys while they sleep, scientists have discovered that they all","개, 고양이, 소, 말, 기린, 원숭이와 같은 포유류가 자는 동안 그들을 유심히 관찰함으로써, 과학자들은 그들 모두가 꿈을 꾸는 신호"
"We are going to sell cookies at baseball games, too.",우리는 또한 야구 경기장에서도 쿠키들을 팔 것이다.
"One girl quietly stood up and said, ""Please, sir, when may we have our teacher back?""","여학생 한 명이 조용히 일어나서 말했다. ""교장 선생님, 언제 저희 선생님을 돌려보내 주실 건가요?"""
That's why child nutrition counselor Chia advises parents to praise their children's strong points and make them feel valued.,이것이 바로 아동 영양 상담가인 Chia가 부모들에게 자녀들의 장점을 칭찬해 주고 자신이 가치있다고 느끼게 하라고 충고하는 이유이다.
You'll provide a place to sleep and all your meals.,잠잘 곳과 모든 식사를 제공할 것입니다.
Dr. King worked hard during those times.,킹 목사는 그 기간 동안 열심히 활동했다.
"I don't want to shut them out.""","난 아이들을 내쫓고 싶지 않습니다.""라고 말했다."
They hope that someday doctors and scientists will find a way to bring their hero back to life.,그들은 언젠가 의사와 과학자들이 그들의 영웅을 부활시킬 방법을 찾기를 희망한다.
"Then he brought out the blood of a lamb, lion, pig, and monkey and poured it on the ground.","그리고 나서 그는 양, 사자, 돼지, 원숭이의 피를 꺼내어 땅에 그것을 쏟아 부었다."
Religions may lie confused when alien intelligence is found.,외계의 지능체가 발견되면 종교계는 혼란에 빠질런지 모른다.
Japanese restaurants use the scent of oranges or lemons to remove the smell of fish.,일식당에서는 생선 비린내를 제거하기 위해 오렌지향이나 레몬향을 이용한다.
I even have my feet pickled!,심지어 내 발이 절여지기도 해!
B : OK.,B : 알았어요.
These feelings are so strong that many children consider being fat as bad as having a disability.,이러한 감정은 너무나 강해서 많은 아이들이 뚱뚱한 것을 불구가 된 것 만큼이나 나쁘게 생각한다.
"Then, at age 18 or later, a third set of molars begins to come in.",그리고 18세 또는 그 이후에 세 번째 쌍의 어금니가 나오기 시작한다.
Highways were only for horses.,큰길은 말들만을 위한 길이었다.
"Nowadays many people have free access to the Internet, so they can join any social or political event they like at any time.",오늘날 많은 사람들이 인터넷에 자유롭게 접속할 수 있다. 그래서 그들은 언제나 그들이 원하는 어떤 사회적 혹은 정치적 사건에라도 참여
"In addition, if you have changed jobs or moved house in recent months, you are more likely to fall ill than you haven't.","뿐만 아니라 만일 당신이 최근에 일자리를 바꾸었거나 이사를 했다면, 그렇지 않았을 때보다 병에 걸리기가 더 쉽다."
The principal then returned to the classroom and told the students to be quiet.,그리고 나서 교장 선생님은 교실로 돌아와 학생들에게 조용히 하라고 말했다.
"When you wake up, you may be able to find just the solution you were looking for.","잠에서 깨었을 때, 당신은 찾고 있던 바로 그 해결책을 찾을 수 있을지도 모른다."
Dioxin can also change the way a species behaves.,다이옥신은 또한 생물의 종이 행동하는 방식을 변화시킬 수도 있다.
"If humans then eat these animals, the dioxin enters their bodies.",그리고 인간들이 이 동물들을 먹으면 다이옥신은 인간의 몸으로 들어온다.
They do not need gas to make them go.,자전거는 운행하는 데에 휘발유가 필요 없다.
"In-ho had breakfast at seven-thirty, and started for school at quarter past eight. He arrived at school at eight forty.",인호는 7시 30분에 아침을 먹었고 8시 15분에 학교를 향해 출발했다. 그는 8시 40분에 학교에 도착했다.
Sally couldn't do her homework beacuse she was tired and fell asleep early.,Sally는 피곤해서 일찍 잤기 때문에 숙제를 할 수 없었다.
Bob couldn't do his homework because he had a cold.,Bob은 감기에 걸려서 숙제를 하지 못했다.
Deciding what to watch on TV is a battle fought in homes all over the world.,TV의 어떤 프로를 시청할 것인지 결정하는 것은 전 세계의 어느 가정에서나 벌어지고 있는 싸움이다.
"In other words, they should be careful of these shamans offering a quick way to learn English.","다시 말해, 그들은 영어를 빨리 배우는 법을 제공하는 이러한 주술사들을 조심해야 한다."
I felt sorry for it.,나는 그 새가 가엾게 느껴졌다.
Doctors from many parts of the world have traveled to China to see the use of acupuncture in operations.,세계 여러 지역의 의사들이 수술 중에 침술이 사용되는 것을 보기 위해 중국으로 갔다.
"Indeed, cyber terrorism could turn out to be more terrible than any other kind of terrorism the world has ever known.",정말로 사이버 테러는 이 세상에 알려진 그 어떤 종류의 테러보다 결국 더 끔찍할 수 있다.
"For example, sitting at home in front of a computer with a modem connection to the office does not suit everyone.",예를 들어 집에서 모뎀으로 사무실과 연결된 컴퓨터 앞에 앉아있는 것이 모든 사람에게 적합한 것은 아니다.
He also has little hope for traditional water sources.,그는 과거의 용수원에 대해서도 거의 기대하지 않는다.
They do not sleep through the winter.,그들은 겨울 내내 잠을 자지는 않는다.
The reason for that pain is likely that human heads are shaped differently today compared with many thousands of years ago.,통증이 생기는 이유는 오늘날 인간의 머리가 수천 년 전과 비교했을 때 다르게 생겼기 때문이다.
"""That is Oxford University."" explained Mr. Smith.","“저것이 옥스퍼드 대학이다.""라고 Smith씨가 설명하셨다."
He looks for new challenges and tries to learn new things.,그는 새로운 도전 거리들을 찾고 새로운 것들을 배우려고 노력한다.
"Once dioxin enters one's body, it will never leave.",일단 다이옥신이 인체에 들어오면 몸밖으로 나가지 않는다.
So his father asked him to go to the bookstore to buy a few books.,그래서 그의 아버지는 그에게 서점에 가서 몇 권의 책을 사오라고 하셨다.
"In other words, you can understand the French, German and English-speaking peoples well.","다른 말로 하면 여러분은 불어, 독일어, 영어를 말하는 민족들을 잘 이해할 수 있다."
Throughout the country women were no longer allowed to work or receive an education.,전국적으로 여성들은 더 이상 일을 하거나 교육을 받을 수 없게 되었다.
"As a result, people quickly lost interest in that craze.",그 결과 사람들은 금새 그 유행에 대한 흥미를 잃었다.
"In both countries, the most important religion is Catholicism.",두 나라 모두 가장 중요한 종교는 카톨릭이다.
"By following the advice of their image experts, each candidate tries to convince the voters that he or she is the best person for the job.",각 후보자들은 자신들의 이미지 전문가들의 충고에 따라 유권자들에게 자신이 그 직책에 가장 적합한 사람임을 확신시키고자 노력한다.
At first we saw many factories.,처음에 우리는 많은 공장들을 보았다.
Christians celebrate Christ's being raised from the dead.,기독교인들은 그리스도가 죽은자 가운데서 부활한 것을 축하한다.
"As a result, they have less fat to get through the long summer months.",그 결과 그들은 기나긴 여름을 보내는 데 필요한 지방의 양이 더 적어진다.
I'd like to make spaghetti for dinner tonight.,오늘밤 저녁 식사로 스파게티를 만들고 싶구나.
It is half an hour's drive from Seoul.,그곳은 서울에서 차로 30분 거리이다.
The star is so compressed that just one spoonful of it weighs around 500kgs.,그 별은 매우 압축되어 있어서 단지 한 스푼이 약 500kg 정도 나간다.
"What are you going to do next?""","다음엔 무엇을 하실 건가요?"""
Others were less depressed than before.,다른 이들도 전보다 우울증을 덜 보였다.
"One day Mrs. Rosa Parks, a black, got on a city bus with three other blacks.",어느 날 흑인인 로사 팍스 부인이 다른 세 명의 흑인들과 함께 시내버스에 탔다.
"We'll go for walks in the park, and We'll have picnics on Sunday afternoons.","우리는 공원으로 산책을 가고, 일요일 오후에는 늘 소풍을 갈 것이다."
The New International Bible will soon be updated to avoid gender discrimination.,신 국제 성경은 곧 성차별을 피하기 위해 갱신될 것이다.
A bigger problem is that people waste so much water.,더 큰 문제는 사람들이 너무 많은 물을 낭비한다는 것이다.
"In fact, the entire Amazon rain forest can be monitored every year for just $3 million.","실제로, 아마존 열대 우림 전역을 매년 겨우 3백만불에 감시할 수 있다."
Bear will are shown at 3:45 and 8:05.,베어는 3시45분과 8시5분에 상영될 것입니다.
In the United States orange juice is one of the most popular cold drinks.,미국에서는 오렌지 쥬스가 가장 인기 있는 냉 음료 중 하나이다.
My husband and I often had problems communicating.,남편과 나는 종종 의사소통에 문제가 있었다.
You have the freedom to throw away some beliefs and choose new ones.,"당신은 어떤 신념을 집어던져 버리고, 새로운 신념을 선택할 자유를 갖고 있다."
Short of cash?,돈이 부족하세요?
I look forward to hearing from you soon.,빠른 답장을 기대합니다.
He used it and finally convinced Rattin to leave the field.,"그는 스페인어를 사용하여, 마침내 Rattin이 경기장에서 나가도록 납득시켰다."
"So I opened the cage, and it flew away.",그래서 나는 새장을 열었고 새는 멀리 날아가 버렸다.
"A: He can take the seeds and the rat, cross the river with them, leave the seed and go back with the rat, leave the rat and take the cat acro",A: 그는 씨앗과 쥐를 데리고 그것들과 함께 강을 건너서 씨앗을 거기 남겨둔다. 그리고 쥐를 데리고 돌아가서는 쥐를 남겨두고 고양이를
Show time for Jaws are 2:30 and 7:00.,상영시간은 죠스는 2시 30분과 7시입니다.
He gave up his life for the country.,그는 나라를 위해 목숨을 바쳤다.
They started to advertise in local newspapers and put up Coca-Cola signs.,"그들은 지방 신문에 광고하기 시작했고, 코카콜라 간판을 내걸었다."
"Dear Sir or Madam, I am writing to find out whether there are still any places available at your Summer Youth Camp.","신사 또는 숙녀분께, 그곳의 여름 청소년 캠프에 아직도 빈 자리가 있는지 알아보기 위해 편지를 씁니다."
His nose went on moving.,그의 코는 계속해서 움직였다.
He set a jar on the table and carefully filled it with rocks.,그는 탁자 위에 단지를 하나 놓고 그것을 돌덩이로 가득 채웠다.
There is no room for individuality in such a society.,그러한 사회에는 개성을 위한 여지가 없다.
But keep your manhood always.,그러나 언제나 남자다워야 한다.
Mr. Kim knows how to teach him well.,김씨는 그를 잘 가르칠 방법을 알고 있다.
The shirt is 10 dollars and the pants are 15 dollars.,셔츠는 10 달러이고 바지는 15 달러이다.
My mother is sketching them.,어머니는 그들을 스케치하고 있다.
Maybe he would have become a wrestler!,아마도 레슬링 선수가 되었을 것이다!
"Overcrowding in large cities, traffic jams, competition for jobs, worry about the future, and any big changes in our lives may cause stress.","대도시의 혼잡, 교통체증, 직업에서 오는 경쟁, 미래에 대한 불안, 그리고 우리생활에서의 커다란 변화가 스트레스를 야기한다."
"Sociologist John Scanzoni says, ""To marry young reduces the chances for gaining further education and preparing properly for a career or work",사회학자 John Scanzoni는 이렇게 말한다. “어려서 결혼하게 되면 상급학교 교육을 받아 직업을 가질 준비를 제대로 할 수 있
No one can say it's wrong to follow a craze.,누구도 유행을 따르는 것이 나쁘다고 말할 수는 없다.
"Finally, the finished product will be delivered directly to your door.",끝으로 완성된 제품이 당신의 집까지 직접 배달될 것이다.
Jane wants to write beautifully.,Jane은 예쁘게 쓰기를 원한다.
"Of course, you do not want to spend your vacation sick in bed.",물론 당신은 당신의 휴가를 아파서 누워지내고 싶지 않다.
He became well-known to the people for his nice shoes.,그는 그의 훌륭한 신발로 사람들에게 잘 알려지게 되었다.
"As a new visitor,  everything seems new and exciting.",새로 방문한 사람으로서 모든 것들이 새롭고 흥미진진해 보인다.
Easter means that the earth is born again.,부활절은 세계가 다시 태어난 것을 의미한다.
"It brings back old memories, and it helps them understand today's schools better.","그것은 옛 추억을 상기시키고, 그들이 오늘날의 학교를 더 잘 이해하도록 도와준다."
What should he do?,그는 어떻게 해야만 할까?
You have a strong desire to look around and explore.,주위를 둘러보고 탐험하고자 하는 강한 욕구를 갖게 된다.
You know you can't.,할 수 없다는 걸 알 것이다.
"Whatever negative beliefs you may have, you can choose to change them.","당신이 아무리 부정적인 신념을 가지고 있더라도, 그것을 바꾸기로 마음먹을 수 있다."
A monkey on a bicyle is taking place in the ring.,자전거를 타는 원숭이의 곡예가 무대에서 펼쳐지고 있다.
He worked hard every day.,그는 매일 열심히 일했다.
Do children no longer dream of wonderful places full of magical and strange creatures?,어린이들은 이제 더 이상 신비하고 이상한 생물들로 가득 찬 놀라운 곳에 대해서는 꿈꾸지 않는가?
I was glad nobody was hurt very badly.,나는 아무도 심하게 다치지 않아 기뻤다.
They said that Tom was a very good actor.,그들은 톰이 아주 훌륭한 배우라고 말했다.
"In fact, the cameras were the most important thing.","사실, 카메라가 가장 중요한 것이었다."
The main reason I am against capital punishment is that it is very easy for the law to make mistakes.,내가 사형에 반대하는 주된 이유는 법이 실수를 하기가 매우 쉽기 때문이다.
"In many cultures people have their main meal at noon, but Americans prefer a large dinner.","많은 문화에서 사람들은 정오에 주식을 먹지만, 미국인들은 잘 차린 저녁을 좋아한다."
"Such dreams don't usually happen by chance, however.",그러나 그러한 꿈들은 대개 우연히 일어나는 것이 아니다.
"For example, some people think that a person is not friendly if he or she doesn't make small talk.","예를 들어, 어떤 사람들은 가벼운 이야기를 하지 않는 사람을 친절하지 않다고 생각한다."
The second tried counting sheep.,두 번째 그룹은 양을 세는 것을 시도했다.
"When there is a new invention such as the automobile, it is often necessary to pass laws about it.",자동차와 같은 새로운 발명품이 나을 때는 흔히 그것에 관한 법률을 통과시켜야 할 필요가 있다.
"He sold the new drink at his friend Jacob's pharmacy, at 5 cents a glass.",그는 친구 제이콥의 약국에서 그 새로운 음료를 한 잔에 5센트 가격으로 판매했다.
"When germs go inside milk, the milk becomes sour.","세균이 우유에 들어가면, 우유가 신맛이 난다."
Some plants protect themselves from plant-eating animals by giving off a bad smell.,어떤 식물들은 고약한 냄새를 발산함으로써 초식 동물들로부터 자신을 보호한다.
"However, less than six months later, a new report came out about Vitamin C.","그러나, 6개월도 안 되어서 비타민 C에 관한 새로운 보고서가 발표되었다."
A man from the city was walking down a country road when he saw an old farmer sitting under a tree.,"도시에 사는 한 사람이 시골길을 따라 걷다가, 나무 밑에 앉아 있는 나이 든 농부를 보았다."
"I think that anyone who has a job he or she enjoys is very lucky,",누구든 자신이 즐기는 직업을 갖고 있는 사람은 아주 운이 좋다고 생각해요.
Su-mi will meet him at the airport in Seoul.,수미는 그를 서울에 있는 공항에서 만날 것이다.
The smell of coconuts in a travel agency makes us think of traveling to a tropical beach.,여행사에서 나는 코코넛 냄새는 우리에게 열대 지방의 해변으로 여행하는 것을 떠올리게 한다.
She likes to ask questions and draw pictures.,그녀는 질문하기와 그림 그리기를 좋아한다.
"For example, the same graphic techniques used to create the scary waves in the movies The Perfect Storm and Pearl Harbor are also used by the","예를 들어, 영화 '퍼팩트 스톰' 과 '진주만'의 무시무시한 파도를 만들어내는 데 사용된 똑같은 그래픽 기술이 군대에서도 군인들에게"
You can learn to swim only by swimming.,오직 수영을 해 봄으로써 수영을 배울 수 있다.
"Now, Tom Cruise loves to learn.","이제, 톰 크루즈는 배우는 것을 좋아한다."
"Let's say you know English, French and German really well.","여러분이 영어, 불어, 독일어를 정말로 잘 알고 있다는 것을 말해보자."
These experts create an image the majority of voters will like.,이들 전문가들은 대다수의 유권자들이 좋아할 이미지를 만들어 낸다.
Donna couldn't do her homework because she had to take care of her baby sister while her mother was away.,Donna는 어머니가 나가 계신 동안에 그녀의 여동생을 돌봐야 했기 때문에 숙제를 할 수 없었다.
Mr. Kim has one young son who just entered a school.,김씨는 방금 학교에 들어간 한 어린 아들이 있다.
"It also helps people feel comfortable with each other, especially at the beginning of a conversation.",그것은 특히 대화를 시작할 때 서로가 편하게 느끼도록 도와준다.
I abandoned ours and ran over to grab the tree she had set aside.,나는 우리가 선택한 나무를 버리고 달려가서 그녀가 제쳐놓은 그 나무를 움켜쥐었다.
It took a long time and finally they reached the thirtyeighth floor.,많은 시간이 걸렸으며 마침내 그들은 38층에 도착했다.
You will find yourself more relaxed.,자신이 좀 더 편안해지는 것을 발견할 것이다.
3. a question or problem that will be dealt with by a law court: The case against Mr. Smith will be heard.,3. 법원에서 다루어질 질의나 문제 : Smith씨에 대한 소송 사건을 심리할 것이다.
"""Don't talk like that!",“그렇게 말하지 마.
"""poor dog!"" Jack cried.","“가엾은 개!"" Jack은 소리쳤다."
"""That sounds like another bit of luck.","""그것도 행운이네요."
My little sister Annie is five years old.,나의 어린 동생 Annie는 5살이다.
"Then I noticed the one being held by a woman nearby: ""the"" perfect tree.","그리고 나서 나는 근처의 한 여자가 들고 있는 나무를 보게 되었는데 “그것""은 그야말로 완벽한 나무였다."
"This makes it more difficult to sleep,"" said one of the researchers.","이것이 잠자는 것을 더욱 어렵게 만들죠."" 연구자들 중 한 명이 말했다."
"So we may say that sports, like music, are an international language.",그래서 우리는 음악처럼 스포츠도 국제적 언어라고 말할 수 있다.
"Then, I'll give you some special fertilizer.""","그렇다면 내가 당신에게 특수 비료를 좀 주리다."""
"Previously, in order for my husband to hear the TV, he would turn up the volume so high, it gave me a headache.",이전에는 남편이 TV를 보려면 소리를 너무 크게 했기 때문에 나는 머리가 아팠다.
I came home at half past three and found Betty reading a book alone.,나는 집에 3시 반에 가서 혼자서 책을 읽고있는 Brtty를 발견했다.
"If you are interested in history, read books about history.","당신이 만약 역사에 관심이 있다면, 역사에 대한 책을 읽어라."
"Anonymity in cyberworld can certainly be a good thing in some ways, but if it is misused, it can be very offensive.","사이버 세상에서의 익명성은 어떤 점에서는 분명 좋은 것이긴 하지만, 잘못 사용되면 매우 공격적이 될 수 있다."
The Sound of Music will be screened at 5:00 and at 9:20.,사운드 오브 뮤직은 5시에 상영될 것 입니다.
"In both Italy and Poland, history is very important to the people.",이탈리아와 폴란드 모두에서 역사는 사람들에게 매우 중요하다.
I just got your flower.,방금 꽃을 받았어.
"After a month, some of these patients were completely cured.","한달 후에, 이 환자들의 일부는 완전히 치료되었다."
"For example, one method requires students to listen to a tape over and over again until they get the meaning.","예를 들어, 한가지 방법은 학생들에게 의미를 이해할 때까지 테잎 하나를 반복해서 들을 것을 요구한다."
Taking pictures is his job.,사진을 찍는 것은 그의 직업이다.
They are going to get up early tomorrow morning.,그들은 내일 아침 일찍 일어날 것이다.
"The parents then went to Jimmy's room and saw him laughing loudly, ""Wow, I can use this to save my money in.","그리고 나서 부모는 지미의 방으로 갔고, 그가 크게 소리내어 웃는 것을 보았다. ""와, 이걸 저금통으로 쓰면 되겠다."
People came from all over the country to buy his shoes.,전국 각지에서 사람들이 그의 신발을 사러 몰려 왔다.
"Most Christians, for example, will worry whether Jesus also lived and died on these other planets.","예를 들어, 대부분의 기독교인들은 예수가 이들 다른 행성에서도 살다가 죽었는지 걱정할 것이다."
"A great many plants have thorns, spines, or stinging hairs that protect them.","매우 많은 식물들이 자신을 보호하는 가시나 바늘, 쐐기털을 가지고 있다."
Opportunity cost can also be an activity you don't choose to do during the day.,또한 기회비용은 그 날 동안 선택하지 않은 행위일 수도 있다.
Bob is my brother.,Bob는 내 동생이다.
"""In that case,"" warned the policeman, ""you'd better tell them to leave here at once!""","""만일 그렇다면, 당신은 그들에게 당장 이곳을 떠나라고 말하는 것이 좋을 것이오!""라고 그 경찰관이 경고했다."
"Before long, people will want to send a spaceship to the star in a ""diamond rush.""","머지않아 사람들은 ""다이아몬드 러쉬""를 이루어 우주선을 그 별에 보내고 싶어할 것이다."
It can't be luck.,이건 운일 리가 없어.
Now we are working hard for the 21st century.,이제 우리는 21세기를 위해 열심히 일하고 있다.
"According to psychologists, it is much more serious than simply deciding between a soap opera and a sports program.","심리학자들에 의하면, 그것은 단순히 연속극과 스포츠 프로그램 사이에서 결정하는 것보다 훨씬 더 중대한 의미를 지닌다."
He had a difficult time understanding the words.,그는 단어들의 뜻을 이해하는 데 어려움을 겪었다.
"At first, I told them that I wanted to learn cooking ""just for fun.""","처음에는 ""단지 재미 삼아"" 요리를 배우고 싶다고 부모님께 말씀드렸어요."
I asked her when mother had gone.,나는 그녀에게 언제 엄마가 떠나셨는지를 물었다.
"When he couldn't stand it any longer, he opened the door and burst in.","교장 선생님은 더 이상 참을 수가 없어서, 문을 열고 불쑥 들어갔다."
Overweight children often have low self-esteem and a negative self-image.,비만인 아이들은 종종 자부심이 부족하고 부정적인 자아상을 갖게 된다.
"And I can do many other things, too.",그리고 또한 다른 많은 것들을 할 수 있습니다.
My hobby is traveling.,나의 취미는 여행하는 것이다.
He talked to the class for half an hour about the importance of good behavior.,그는 단정한 행동의 중요성에 대해 30분 동안 얘기했다.
And sometimes people have black eyes.,그리고 때때로 어떤 사람들은 검은 눈동자를 가지고 있다.
friend: Where did you lose it?,친구 : 어디에서 그것을 잃어버렸나?
Do you like to live in the city or in the country?,"당신은 도시에서 사는 것을 좋아합니까, 시골에서 사는 것을 좋아합니까?"
My friends and I are going on a trip to the Grand Canyon during the summer.,친구들과 나는 여름 동안에 Grand Canyon에 여행할 것이다.
"That is a bad habit, too.",그것 역시 나쁜 습관이다.
Everyone needs to eat food well if he wants to have a strong body.,튼튼한 몸을 갖고 싶으면 모든 사람들은 음식을 잘 먹어야 할 필요가 있다.
Two men were sitting in a plane.,두 사람이 비행기 안에 앉아 있었다.
Some ads show soap only for washing floors.,어떤 광고들은 단지 바닥을 닦는 것에만 쓰는 세제들을 보여준다.
They were great success.,그것은 대성공이었다.
"Giles' father: When I was brought up, men never went near the kitchen.",Giles의 아버지: 내가 자랄 때만 해도 남자들은 절대로 부엌 근처에 가지 않았습니다.
"Often, wisdom teeth don't come in at all.",사랑니는 종종 전혀 안 나기도 한다.
They listened to him and did not ride on them.,"그들은 그의 말에 귀를 기울였으며, 버스를 타지 않았다."
"""I will come to work in the morning as soon as a plumber gets to my house.""","“배관공이 아침에 저의 집에 도착하자마자 출근하겠습니다."""
"For example, they could cause fighter jets to bomb the wrong areas or make telecommunications almost impossible.","예를 들면, 그들은 전투기가 엉뚱한 지역을 폭격하게 할 수도 있고 원격 통신이 거의 불가능하게 만들 수도 있다."
"When germs go inside our bodies, we become ill.","세균이 우리 몸 속에 들어가면, 우린 병이 들게 된다."
"""That was lucky, wasn't it?""","""운이 좋으셨군요, 그렇죠?"""
I'm glad I let it go.,나는 새를 놓아 줘서 기쁘다.
It has worked for a lot of famous people.,그것은 많은 유명한 사람들에게 효과가 있었다.
"Often, being patient is not the best solution to the problem.",종종 참는 것만이 문제를 해결하는 최선의 해결책이 아닌 경우가 있다.
Learning to speak is like learning to swim.,말하는 것을 배우기란 수영을 배우는 것과 같다.
Some children are near us.,몇 명의 아이들이 우리들 가까이에 있다.
"If he had not hurt his leg in high school, maybe he wouldn't have become an actor.","만일 그가 고등학교 때 다리를 다치지 않았다면, 아마 그는 배우가 되지 않았을 것이다."
Studying for ourselves brings the most knowledge.,자기 스스로 연구하는 것이 가장 많은 지식을 가져다 준다.
"The man then pulled a piece of paper out of his pocket and said, ""I have an *ATM receipt, and the time is printed on it.","""제가 현금 인출기 영수증을 갖고 있는데, 시각이 찍혀 있군요."
But my grandfather wasn't so kind.,하지만 할아버지는 그렇게 관대하시지 않았어요.
"A woman wanted to know the time, but she didn't have a watch.",한 여자가 시간을 알고 싶었지만 시계를 갖고있지 않았다.
We'll have a lot of fun.,우리는 재미있게 보낼거야.
The lady sometimes had a boy carry a present to Swift.,그 부인은 때때로 한 소년을 시켜 스위프트에게 선물을 갖다 주게 했다.
"When there is bad weather in Florida, the whole country knows about it.",Florida의 일기가 불순하면 전국민이 그것에 대해서 알게 된다.
"When males sing a lot, it means they don't have to spend much time hunting for food.","수컷들이 노래를 많이 한다면, 그것은 수컷들이 먹이를 잡는 데 많은 시간을 들일 필요가 없다는 것을 의미한다."
It is called Internet Addiction Syndrome (IAS).,그것은 인터넷 중독 증후군(IAS)이라고 불린다.
"Tom hurt his leg in high school, so he had to stop sports.",톰은 고등학교 때 다리를 다쳐서 운동을 그만두어야만 했다.
Robinson had beautiful handwriting and wrote the name as it still appears today on cans and bottles!,로빈슨은 아름다운 필체를 갖고 있어서 오늘날 코카콜라 캔이나 병에서 볼 수 있는 것과 같이 그 이름을 썼다.
Please tell her we all miss her and and hope she will be back in school soon.,우리 모두가 그녀를 보고 싶어하며 그녀가 곧 학교로 돌아오기를 바라고 있다고 그녀에게 전해주십시오.
One day Harry and Jane went to the park.,어느 날 Harry와 Jane이 공원에 갔다.
Life was so personal in those days that people often joked about it.,그 당시에는 생활이 매우 개인적이었기 때문에 사람들은 자주 그것에 대하여 농담하였다.
"To keep a pleasant working environment, employers cannot allow certain kinds of behaviors such as arriving late or bothering others.","쾌적한 근로 환경을 유지하기 위해서, 고용주들은 늦게 출근하거나 다른 사람들을 방해하는 것과 같은 행동을 허용할 수가 없다."
To forget a duty or not to show thanks for kindness is a crime.,의무를 망각하거나 친절에 대해 감사를 표하지 않는 것은 죄악이다.
"If you have to show your feelings or your anger, do it calmly.",너의 감정이나 분노를 나타내야 할 때는 침착하게 해라.
"When I was at my desk, a pretty bird flew in through the window.","내가 책상에 앉아 있을 때, 예쁜 새 한 마리가 창문을 통해 날아 들어왔다."
"During the daylight hours, Muslim adults are not allowed to eat, drink or smoke.",낮 시간 동안 이슬람교도 성인들은 먹거나 마시거나 담배를 피울 수 없다.
But I know that the times have changed.,그러나 시대가 변했다는 것을 저도 압니다.
Thank you for helping me.,도와주셔서 감사합니다.
"There is nothing wrong with that, except the fact that on some people bright red is unbecoming.",어떤 아이들에게 빨간색이 어울리지 않는다는 사실 외에는 잘못된 것이 없다.
"Mother often says, ""You are a very lazy boy, Min-ho!""","어머니는 종종 “민호야, 너는 정말 게으른 소년이구나!""라고 말씀하십니다."
"She answered, ""Mother went shopping an hour ago.",그녀는 “엄마가 한시간 전에 쇼핑가셨어.
"I go to ""Clothes Express"" and see a really nice shirt.","내가 ""Clothes Express""에 가서 진짜 멋있는 셔츠를 본다."
A person would believe it really is a stone until she or he touches it or examines it closely.,사람들은 그것을 만져보거나 면밀히 살펴보기 전까지는 그것이 정말로 돌이라고 믿을 것이다.
Here is a story of a man who has seen much of the world and chooses a little country village for his home.,여기에 세상의 많은 부분을 보아왔고 그의 집으로 작은 시골 마을을 선택한 한 남자의 이야기가 있습니다.
It changes its color at times.,그것은 때때로 색깔이 변한다.
"But I knew it would only get easier, and the longer I avoid smoking the faster I was able to run.","그러나 나는 점점 쉬워지는 것을 알았다. 즉, 내가 담배를 오래 끊을 수록, 나는 더빨리 달릴 수 있었다."
Now we could see a forest of stone buildings which stood like castles.,그때 우리는 성처럼 서있는 석조건물의 숲을 볼 수 있었다.
Anyone who doesn't follow the latest craze is considered old-fashioned.,최신의 유행을 따르지 않는 사람들은 누구라도 구식으로 간주된다.
They also are easy and cheap to fix.,자전거는 또한 수리하기가 쉽고 돈이 적게 든다.
You would probably think that this would actually cause more pain.,당신은 아마도 이것이 실제로 더 많은 통증을 유발할 것이라고 생각할 것이다.
"For example, northern Europeans used high wooden heels to keep their expensive leather shoes clean.",예를 들어 북부 유럽인들은 비싼 가죽신을 깨끗하게 유지하기 위해 나무로 된 높은 굽을 착용했다.
It shows how life will be fifty years from now.,그 영화는 지금으로부터 50년 후의 삶이 어떨지를 보여주고 있다.
The earth is in danger.,지구는 위험에 처해 있다.
"When Ted died in July 2000, his family paid a company in Arizona to freeze his body and keep it in a special refrigerator.",테드가 2000년 7월에 죽었을 때 그의 가족은 아리조나주에 있는 한 회사에 돈을 지불하여 그의 몸을 냉동시켜 특수 냉동실에 보존하게
She lived like a wolf.,그 아이는 늑대처럼 살았다.
It was the first day of school and the pupils were very excited.,수업 첫날이어서 학생들은 매우 들떠 있었다.
My father drives his car and I wash it on Saturdays.,아빠는 차를 운전하고 나는 토요일마다 세차한다.
"When he stopped wrestling, he tried acting in a musical play.",레슬링을 그만 두었을 때 그는 뮤지컬 연기를 시도했다.
It is also a time to study the Quran and do good deeds such as helping the poor.,라마단은 또한 코란을 연구하고 가난한 사람들을 돕는 것과 같은 선한 행동을 하는 시기이기도 하다.
"When he was a boy, Tom Cruise was a poor reader.","톰 크루즈는 소년이었을 때, 글을 잘 읽지 못했다."
"""What do you do for a living?"" he asked.","“직업이 무엇입니까?""라고 그는 물었다."
"Hutty, spring!",봄이여! 어서 오라!
"When this happens, women will be free from the ignorance that has been binding them for centuries.","이런 현상이 이루어지는 그때에는, 그들은 수 세기 동안 그들을 묶어 왔던 무지로부터 해방 될 수 있을 것이다."
Crowded inner cities are models of lawlessness; the crowded highways of Los Angeles encourage drivers aggression and even shootings.,복잡한 도시 내부 생활이 무질서의 모형이다; Los Angeles의 혼잡한 도로 때문에 운전자들은 싸우게 되고 심지어 총을 쏘게 된다
Nancy and Lucy were invited to his birthday party.,Nancy와 Lucy는 그의 생일 파티에 초대받았다.
"I would raise my voice and yell, ""LUNCH IS READY!""","그러면 나는 목소리를 높여 “점심 다 됐다구요.""라고 소리를 지른다."
They follow her around and do what she does.,그들은 어미를 여기저기로 따라다니고 어미가 하는 대로 한다.
In cities all over the world thousands of people die or are hurt from traffic accidents.,전세계의 도시들에서 수천 명의 사람들이 교통 사고로 죽거나 다친다.
"This, of course, reduces the income available to a marriage during its first ten years -- precisely those years in which most separations and",당연히 이로 인해 결혼 초의 10년간 쓸 수 있는 수입도 적어진다. 결혼 초의 이 10년이 바로 대부분의별거와 이혼이 발생하는 기간이
It is obvious that parents like girls better than boys in most countries.,대부분의 나라에서 부모들이 남자애 보다 여자애를 더 좋아한다는 것은 명백하다.
Students at Sandpoint High School have a special way of getting a holiday.,샌드포인트 고등학교의 학생들은 휴일을 얻는 특별한 방법이 있다.
Each year farmers and loggers illegally destroy an area of the Amazon rain forest the size of Hawaii.,매년 농부들과 벌목꾼들은 아마존의 열대 우림 지역을 하와이 섬 넓이만큼 파괴한다.
You can play games with me.,여러분은 나와 함께 게임을 할 수 있습니다.
Now they had to find a name as new and exciting as the drink.,이제 그들은 그 음료만큼이나 새롭고 흥미있는 이름을 찾아야 했다.
There are several reasons why.,여기에는 여러 가지 이유가 있다.
I want to be a professional skier.,저는 전문 스키 선수가 되고 싶습니다.
"On July 25, Mr. Smith and I arrived at Oxford.",7월 25일에 Smith씨와 나는 Oxford에 도착했다.
Dioxin is one of the most dangerous chemicals made by man.,다이옥신은 인간에 의해 만들어진 가장 위험한 화학물질 중의 하나이다.
I am sorry for my late reply to your letter.,네 편지에 대한 답장이 늦어져 매우 미안하구나.
"But if children receive the attention they need from their parents, they usually eat less and the weight stays off.","하지만 아이들이 부모로부터 그들이 필요로 하는 관심을 받게 되면, 그들은 대개 덜 먹게 되고 체중이 줄게 된다."
"In-ho: Okay. Mike, can you help me?","인호 : 좋아, 마이크, 나 좀 도와 줄래?"
Mary and Susan were playing outside.,Mary와 Susan은 밖에서 노는 중이었다.
She hopes you will accept these rabbits.,그분은 당신이 이 토끼들을 받아 주시길 바랍니다.
"""That may be so,"" said the boss, ""but what is more important is to put the big rocks in first.""","""그럴지도 모르죠."" 사장이 말했다. ""하지만 더 중요한 것은 큰 돌을 먼저 넣어야 한다는 것이죠."""
Yet no one likes me.',그런데도 아무도 나를 좋아하지 않아.'
"Then, while you are sleeping, your subconscious mind thinks about this information and you may have meaningful dreams.",그러면 당신이 자고 있는 동안 당신의 무의식적인 정신이 이 정보에 대해 생각하고 당신은 의미있는 꿈을 꿀 지도 모른다.
Nancy and Lucy bought the presents last week and gave them to him at the party.,Nancy와 Lucy는 지난주에 선물을 샀고 파티에서 민호에게 선물을 주었다.
"However, many scientists are reporting that frogs are in danger of extinction.","그러나, 많은 과학자들은 개구리가 멸종 위기에 처해있다고 보고하고 있다."
"But if you dream about a cat, you'll be unlucky.",그러나 만약에 고양이에 관한 꿈을 꾼다면 운이 없을 것이다.
"But if the first thing they see is a person or even a thing, they will think of this as their mother.",그러나 그들이 보는 첫번째 것이 사람이거나 혹은 물체이더라도 그들은 이것을 그들의 어미라고 생각을 할 것이다.
husband: I'm looking for my wife's gold ring. Please help me.,남편 : 내 아내의 금반지를 찾고 있는 중일세. 날 좀 도와주게나! 자네는 날 도울 수 있네.
They learned to talk there.,거기에서 그들은 말하는 것을 배웠다.
"First of all, the rocket itself was not safe, it was putting the user as well as the people around him in danger.","무엇보다도, 그 로켓 자체는 주변 사람들뿐만 아니라 사용자도 위험에 처하게 했기 때문에 안전하지 않았다."
So many people from the lower classes are rushing to the IT industry to escape from their poverty.,그래서 하층 계급의 많은 사람들이 가난을 벗어나고자 IT 산업으로 몰려들고 있다.
Artists and computer exports have been working hard for more than 20 years for these unlikely partners.,예술가들과 컴퓨터 전문가들은 이 파트너일 것 같지 않은 파트너를 위해 20년 이상 열심히 노력해 왔다.
First we must make all the money for the trip.,첫번째로 우리는 여행을 위한 모든 경비를 벌어야만 한다.
I hope that we will make a lot of money.,난 많은 돈을 벌 수 있기를 희망한다.
Those who thought of the relaxing scene fell asleep several minutes earlier than normal.,편안한 장면을 생각한 사람들은 일반적인 경우보다 몇 분 먼저 잠이 들었다.
"Or, perhaps more importantly, who decides what you are going to watch next?","즉, 아마도 더 중요하게는, 당신이 그 다음에 무엇을 볼 것인지를 누가 결정하는가?"
The Korean Folk Village will serve as a living museum.,한국 민속촌은 살아있는 박물관 역할을 하게 될 것이다.
The diamond is actually a giant star which shrank to the size of the Earth after burning itself up.,그 다이아몬드는 실제로 거대한 별이 연소되고 나서 지구만한 크기로 줄어든 것이다.
"Yes, here it is.","예, 여기에 있어요."
"In India, baby elephants are trained by tying one of their legs to a tree with a string.",인도에서는 아기 코끼리들의 다리 하나를 나무에 줄로 묶어 놓는 것으로 그들을 길들인다.
Women in Afghanistan are taking off their burhkas.,아프가니스탄의 여성들은 부르카를 벗어 던지고 있다.
I wanted to wait until I have something to write about.,나는 무언가 쓸 거리가 생길 때까지 기다렸어.
These dreams can lead to fresh ideas.,이러한 꿈들은 신선한 아이디어가 나오게 할 수 있다.
"Later come the constant reminders from parents, relatives, and teachers, such as 'a brave boy' or 'a nice girl.'","후에는 ‘용감한 소년’이라든가 ‘착한 소녀’와 같은 끊임없는 암시들을 부모, 친척, 그리고 선생님들로부터 받게된다."
"I like skiing and skating, but I like skiing better.",저는 스키와 스케이트를 좋아하지만 스키를 더 좋아합니다.
The eggs mean new life.,달걀은 새 삶을 의미한다.
You will have a toothache.,당신은 치통에 시달릴 것이다.
This kind of honest discussion is one benefit of *anonymity over the Internet.,이와 같은 솔직한 토론은 인터넷의 익명성이 갖는 하나의 이점이다.
The boy sat down.,소년은 앉았다.
Their house was very far from their school.,그들의 집은 학교에서 멀리 떨어져 있다.
The pyramids of Mexico and the carvings within them are considered to be the work of an alien civilization.,멕시코의 피라미드와 그 내부의 조각들은 외계 문명의 작품으로 간주된다.
Other plants keep safe by matting themselves hard to find.,또 다른 식물들은 자신을 찾기 힘들게 만듦으로써 안전하게 지낸다.
"If you want new clothes, a laser will scan your body to determine the exact size.","만일 새 옷을 원한다면, 정확한 사이즈를 측정하기 위해 레이저가 당신의 몸을 스캔할 것이다."
"Then he asked, ""Is it full?""","그리고 나서 그는 물었다, ""가득 찼습니까?"""
That's not true.,그것은 사실이 아니다.
"Thanks to the women's rights movement, words that discriminate against women have been replaced in most media.","여성인권운동 덕택에, 여성을 차별하는 단어들은 대부분의 언론매체에서 대체되어왔다."
"However, scientists have concluded that each statue could be made by human beings in about a year's time.",그러나 과학자들은 각각의 석상이 약 1년 정도 안에 인간에 의해 만들어질 수 있다고 결론지었다.
"If a baby drintk his or her mother's milk, the dioxin will enter the baby.",아기가 모유를 먹으면 다이옥신은 그 아기의 몸에 들어간다.
I watched as she carried it around the lot and couldn't believe my eyes when she set it aside.,나는 그 여자가 그 나무를 들고서 그 구획을 돌아다니는 것을 바라보았는데 그가 그 나무를 제쳐놓는 것을 보고는 도저히 내눈을 믿을 수
Mike: I'm cleaning my room.,Mike: 방청소를 하고 있어.
A newspaper photographer must move fast at all times.,신문 사진기자는 항상 빨리 움직여야 한다.
"Although he was the king, Louis XIV was unhappy because of his short height.","루이 14세는 왕이었음에도 불구하고, 작은 키 때문에 불만스러웠다."
"But thousands of years ago, the Chinese developed a way of killing pain by using needles.","그러나 수천 년 전에, 중국인들은 바늘을 사용하여 통증을 없애는 방법을 개발했다."
Scratching is a habit among monkeys.,긁는 것은 원숭이들 사이에서 습관이다.
You have to prepare for them.,당신은 그러한 꿈들을 위해 준비해야 한다.
"If you lived the way he does, you would look just like him.","만약 너희가 Ben처럼 살게 되면, 너희도 그렇게 보일 거야."
"However, many scientists say that the carvings are simply religious images, and the pyramids are just well-made stone tombs in which the dead","그러나 많은 과학자들은 그 조각들은 단순히 종교적인 형상이고, 피라미드도 죽은 사람들이 매장된 잘 만들어진 돌무덤일 뿐이라고 말한다."
Se-na: It's too hot today. When is your English test?,세나: 오늘은 너무 더워. 너의 영어 시험은 언제 있니?
"Like elephants, we tie ourselves with our own strings.",코끼리들처럼 우리도 우리 자신을 자신의 끈으로 묶는다.
You can have me solve a difficult math problem.,여러분은 나에게 어려운 수학 문제를 풀게 할 수 있습니다.
By using this language we can talk with people who speak a different language and understand them much better.,이 언어를 사용함으로써 우리는 다른 언어를 말하는 사람들과 얘기할 수 있고 그들을 보다 잘 이해할 수 있다.
My name is Mike.,내 이름은 Mike이다.
"A : If I were you, I'd go home and take a rest.",A : 내가 너라면 집에 가서 쉬겠다.
The main victims of the Nazis were Jewish people.,나찌의 주요 희생자는 유태인이었다.
One arrived shortly before 7 a.m.,7시 직전에 배관공 한명이 도착했다.
Sometimes they even make sounds like they are trying to bark or meow or moo.,"때때로 멍멍거리거나, 야옹하거나, 음매하려고 하는 것 같은 소리를 내기도 한다."
"Recently, the Hobble Space Telescope also took a picture of the diamond star.",최근에는 허블 우주 망원경이 그 다이아몬드별의 사진을 찍었다.
Then he went outside and began selling them.,그리고 밖에 나가서 토마토를 팔기 시작했다.
He knew that wolves often came around there.,그는 늑대들이 그 근처에 자주 돌아다닌다는 것을 알았다.
You have to try to find out what is wrong and fix it.,무엇이 잘못 되었는지 찾아내고 고치려고 노력해야 한다.
"If you're among millions of women who dream of recovering their charming skin, don't forget the name--""Recover.""","만약 당신이 매력적인 피부로의 회복을 굼꾸는 수백만 여성중에 속한다면, “Recover"" 라는 이름을 잊지 마세요."
He wore old shoes.,그는 낡은 신발을 신고 다녔다.
We like cooking meals and washing the dishes.,우리는 음식을 만들고 설거지하는 것을 좋아한다.
At that time I was looking for an old book called English birds by Johnson.,그 당시에 나는 존슨이 쓴 ‘영국의 새’란 오래된 책을 찾고 있었다.
He wanted to be a pilot.,그는 파일럿이 되기를 원했다.
A dog is playing with the boys.,개 한 마리가 그 소년들과 놀고 있다.
"Then he poured sand in the jar, and it filled the spaces between the stones.",그리고 나서 그는 단지 안에 모래를 부었다. 그러자 그것은 돌멩이들 사이의 공간을 가득 채웠다.
Ramadan is considered to be a time for practicing self-control and showing devotion to God.,라마단은 극기를 실천하고 신에 대한 헌신을 나타내는 시기로 여겨진다.
Suppose you were going to have an operation in ancient Peru.,당신이 고대 페루에서 수술을 받게 된다고 가정해 보라.
Avoid quarrels as long as you can.,가능한 한 싸움을 피해라.
"Each year at Halloween, Americans put pumpkins in their windows.",매년 할로윈 때면 미국인들은 창문에 호박을 놓아둔다.
Millions of women also work 40 percent of all the world's jobs.,전세계 직업의 40%를 수백만명의 여성이 차지하고 있다.
"For now, the things you buy on-line are mostly ready-made ones.",현재로선 온라인 상에서 구입하는 물건들은 대부분 기성품들이다.
Sometimes she goes home to have lunch and sometimes she has lunch in town with her friends.,때때로 그녀는 점심식사를 하기 위해 집으로 가기도 하고 친구들과 함께 시내에서 점심을 먹기도 한다.
A boss was talking to his employees about managing their time.,한 사장이 그의 직원들에게 시간 관리에 대해 얘기하고 있었다.
Others used car pools.,카풀을 이용하는 사람도 있었다.
Sometimes you must pull them out.,어떤 때는 그것들을 뽑아야 한다.
"Yu-mi: Hi, Mike. This is Yu-mi. What are you doing now?","유미: 안녕, Mike. 나 유미야. 너 지금 무얼 하고 있니?"
"When his son entered a school, Mr. Kim decided to teach him how to read and write.","그의 아들이 학교에 들어갔을 때, 김씨는 그 아이에게 읽고 쓰는 방법을 가르쳐 주기로 결심했다."
"Some people like to play sports. Others like to go to interesting places, such as museums and parks.","어떤 사람들은 운동을 하고, 어떤 사람들은 박물관이나 공원 같은 재미있는 곳을 찾아 가기를 즐긴다."
"Knowing this, most candidates hire image exports to help them.","이러한 사실을 알고 있기 때문에, 대부분의 후보자들은 그들을 도와 줄 이미지 전문가들을 고용한다."
Most of the oranges for juice grow in Florida.,대부분의 쥬스용 오렌지는 Florida에서 재배된다.
Travel is exciting.,여행은 흥미롭다.
"For this work, they earn only about half as much as men, and of course they earn nothing for their domestic work.","이런 일의 대가로 여성은 남성의 절반 정도 밖에 급료를 받지 못하고 있으며, 물론 가사 노동에 대가는 전혀 없는 상태이다."
"It is not easy for people to understand their words, but my sister and I can understand them.",사람들이 그들의 말을 이해하는 것은 쉽지 않지만 내 누이와 나는 그들의 말을 이해할 수 있다.
"It is considered polite to eat with the right hand, using the thumb and first two fingers.","오른손 엄지손가락, 검지, 중지를 사용하여 음식을 먹는 것이 바른 예절로 여겨진다."
"In some ancient European religions, there were 12 good gods and one evil god; the evil god was called the 13th god.",몇몇 고대 유럽종교에는 12명의 선한 신과 한 명의 악한 신이 있었는데 그 악한 신을 13번째 신이라 불렀다.
Each method claims it can shorten the learning period.,각각의 방법은 학습 기간을 단축시켜 줄 수 있다고 주장한다.
"Working hard, his profits multiplied quickly.","열심히 일했기에, 그의 이익은 빨리 늘어났다."
The school principal visited several classes and was angry at the noise being made by one class in particular.,교장선생님은 몇 학급을 둘러보다가 특히 한 학급에서 일으키는 소란에 화가 났다.
I saw an accident this morning.,나는 오늘 아침 사고난 것을 보았다.
He said to them.,그는 그들에게 말하였다.
